;  [ e-Servicios ]   ;;;;;;;;;;;;;;;;;;
;Bºsqueda de centros educativos autorizados por el Mineduc y carreras que pueden impartir.;;;;;;;;;;;;;;;;;;
;;;;;;;;;;;;;;;;;;;
;;;;;;;;;;;;;;;;;;;
       ;;;;;;;;;;;;;;;;;;;
Importante:;;;;;;;;;;;;;;;;;;;
;;;;;;;;;;;;;;;;;;;
Para una mejor bºsqueda puede seleccionar el departamento y municipio, con base a la ubicaciµn del centro educativo, ingresando el cµdigo del establecimiento separado por guiones o el nombre completo o parte de Õl.;;;;;;;;;;;;;;;;;;;
Un centro educativo puede contar con uno o mÃs cµdigos de acuerdo con los servicios educativos autorizados (nivel, plan o jornada).;;;;;;;;;;;;;;;;;;;
Las carreras pueden visualizarse ºnicamente en los cµdigos de centros educativos que tienen autorizado el Nivel de Educaciµn Media, Ciclo de Educaciµn Diversificada.;;;;;;;;;;;;;;;;;;;
Para visualizar las carreras autorizadas a un centro educativo seleccione el Nivel Escolar: Diversificado.;;;;;;;;;;;;;;;;;;;
;;;;;;;;;;;;;;;;;;;
;;;;;;;;;;;;;;;;;;;
;;;;;;;;;;;;;;;;;;;
Departamento;Municipio;;;;;;;;;;;;;;;;;;
;;;;;;;;;;;;;;;;;;;
Nivel Escolar ;;;;;;;;;;;;;;;;;;;
Sector;;;;;;;;;;;;;;;;;;;
Plan;Modalidad;;;;;;;;;;;;;;;;;;
;;;;;;;;;;;;;;;;;;;
Cµdigo (##-##-####-##);;;;;;;;;;;;;;;;;;;
Nombre;;;;;;;;;;;;;;;;;;;
Direcciµn;;;;;;;;;;;;;;;;;;;
  ;;;;;;;;;;;;;;;;;;;
;;;;;;;;;;;;;;;;;;;
;;;;;;;;;;;;;;;;;;;
CODIGO;;DISTRITO;DEPARTAMENTO;MUNICIPIO;ESTABLECIMIENTO;DIRECCION;TELEFONO;SUPERVISOR;DIRECTOR;NIVEL;SECTOR;AREA;STATUS;MODALIDAD;JORNADA;PLAN;DEPARTAMENTAL;;
14-01-0077-46;;14-01-0798;QUICHE;SANTA CRUZ DEL QUICHE;INSTITUTO ADOLFO V HALL;KILOMETRO 161 ENTRADA A SANTA CRUZ DEL QUICHE, ANTIGUA ZONA MILITAR;77551548;JOSè OSCAR TIPêZ VELêSQUEZ;ARAM ALBERT JORDêN SANDOVAL;DIVERSIFICADO;OFICIAL;URBANA;ABIERTA;MONOLINGUE;MATUTINA;DIARIO(REGULAR);QUICHè;;
14-01-0079-46;;14-01-0798;QUICHE;SANTA CRUZ DEL QUICHE;COLEGIO EVANGELICO METODISTA UTATLAN;4A CALLE Y 6A-12, ZONA 5;77551551;JOSè OSCAR TIPêZ VELêSQUEZ;LUIS HUMBERTO ECHEVERRëA GIL;DIVERSIFICADO;PRIVADO;URBANA;ABIERTA;MONOLINGUE;DOBLE;DIARIO(REGULAR);QUICHè;;
14-01-0080-46;;14-036;QUICHE;SANTA CRUZ DEL QUICHE;LICEO MIXTO 'QUICHE';2AV. 6-27 ZONA 5;77551705;JORGE HUMBERTO MOTTA CANO;;DIVERSIFICADO;PRIVADO;URBANA;CERRADA TEMPORALMENTE;MONOLINGUE;NOCTURNA;DIARIO(REGULAR);QUICHè;;
14-01-0085-46;;14-01-0798;QUICHE;SANTA CRUZ DEL QUICHE;INSTITUTO NORMAL MIXTO JUAN DE LEON;12 CALLE 0-36 ZONA 5;77553814;JOSè OSCAR TIPêZ VELêSQUEZ;MIRIAM MARCELINA ALVAREZ GRIJALVA;DIVERSIFICADO;OFICIAL;URBANA;ABIERTA;MONOLINGUE;VESPERTINA;DIARIO(REGULAR);QUICHè;;
14-01-0090-46;;14-01-0801;QUICHE;SANTA CRUZ DEL QUICHE;"COLEGIO MIXTO BILINGUE INTERCULTURAL ""QÇIJ""";11A. CALLE 06-03 ZONA 1;77550476;JORGE HUMBERTO MOTTA CANO;FEDERICO HERNêNDEZ ZAPETA;DIVERSIFICADO;PRIVADO;URBANA;ABIERTA;BILINGUE;DOBLE;FIN DE SEMANA;QUICHè;;
14-01-0091-46;;14-006;QUICHE;SANTA CRUZ DEL QUICHE;"LICEO ""MODERNO LATINO""";3A. 1-23 ZONA 4;79514700;GASPAR VI CABA;JORGE BENEDICTO COC POP;DIVERSIFICADO;PRIVADO;URBANA;CERRADA DEFINITIVAMENTE;MONOLINGUE;DOBLE;FIN DE SEMANA;QUICHè;;
14-01-0108-46;;14-01-0801;QUICHE;SANTA CRUZ DEL QUICHE;COLEGIO TECNICO AVANZADO;14 AVENIDA 2-24 ZONA 3;40087056;JORGE HUMBERTO MOTTA CANO;JACQUELINE ARGENTINA SOLARES MèNDEZ;DIVERSIFICADO;PRIVADO;URBANA;ABIERTA;MONOLINGUE;MATUTINA;DIARIO(REGULAR);QUICHè;;
14-01-0110-46;;14-036;QUICHE;SANTA CRUZ DEL QUICHE;LICEO TECNOLOGICO DE OCCIDENTE LA PREPARATORIA;9A. AVENIDA ENTRE 4A. Y 5A. CALLE ZONA 2;77563645;JORGE HUMBERTO MOTTA CANO;GREYSI JESÖS CABRERA;DIVERSIFICADO;PRIVADO;URBANA;CERRADA TEMPORALMENTE;MONOLINGUE;DOBLE;FIN DE SEMANA;QUICHè;;
14-01-0112-46;;14-01-0805;QUICHE;SANTA CRUZ DEL QUICHE;INSTITUTO NACIONAL DE EDUCACION DIVERSIFICADA;20 CALLE FINAL ZONA 4, COLONIA LOS CELAJES;77554630;JOSE ANGEL MORALES MATZAR;JUSTO RUFINO PEREIRA GONZêLEZ;DIVERSIFICADO;OFICIAL;URBANA;ABIERTA;MONOLINGUE;VESPERTINA;DIARIO(REGULAR);QUICHè;;
14-01-0115-46;;14-01-0798;QUICHE;SANTA CRUZ DEL QUICHE;INSTITUTO NORMAL MIXTO JUAN DE LEON;12 CALLE 0-36 ZONA 5;77656620;JOSè OSCAR TIPêZ VELêSQUEZ;PEDRO LUIS ROJAS SêENZ;DIVERSIFICADO;OFICIAL;URBANA;ABIERTA;MONOLINGUE;MATUTINA;DIARIO(REGULAR);QUICHè;;
14-01-0163-46;;14-01-0801;QUICHE;SANTA CRUZ DEL QUICHE;"COLEGIO EVANGELICO METODISTA ""JOHN WESLEY""";6TA. AVENIDA 00-002 DE LA ZONA 1;77563692;JORGE HUMBERTO MOTTA CANO;KARIN ROSALVA SOLÆRZANO PAR;DIVERSIFICADO;PRIVADO;URBANA;ABIERTA;MONOLINGUE;VESPERTINA;DIARIO(REGULAR);QUICHè;;
14-01-0166-46;;14-01-0798;QUICHE;SANTA CRUZ DEL QUICHE;LICEO MIXTO QUICHE;2A. AVENIDA 6-27 ZONA 5;77551705;JOSè OSCAR TIPêZ VELêSQUEZ;PEM. SILVIA EMILIANA BARRIOS BARRIOS;DIVERSIFICADO;PRIVADO;URBANA;ABIERTA;MONOLINGUE;MATUTINA;DIARIO(REGULAR);QUICHè;;
14-01-0167-46;;14-01-0805;QUICHE;SANTA CRUZ DEL QUICHE;"COLEGIO MULTIEDUCATIVO ""LA REFORMA""";16 CALLE 7-34 ZONA 4;77563633;JOSE ANGEL MORALES MATZAR;CARLOS ROBERTO ARRIAGA DEL VALLE;DIVERSIFICADO;PRIVADO;URBANA;ABIERTA;MONOLINGUE;DOBLE;FIN DE SEMANA;QUICHè;;
14-01-0176-46;;14-036;QUICHE;SANTA CRUZ DEL QUICHE;INSTITUTO PRIVADO MIXTO DE COMPUTACION INFORMATICA;2A. AVENIDA 9-58 ZONA 1;77563753;JORGE HUMBERTO MOTTA CANO;OSCAR MANUEL LOPEZ SOLORZANO;DIVERSIFICADO;PRIVADO;URBANA;CERRADA DEFINITIVAMENTE;MONOLINGUE;VESPERTINA;DIARIO(REGULAR);QUICHè;;
14-01-0178-46;;14-036;QUICHE;SANTA CRUZ DEL QUICHE;INSTITUTO PRIVADO MIXTO DE COMPUTACION INFORMATICA;6A. AVENIDA 0-48, ZONA 1;77553570;JORGE HUMBERTO MOTTA CANO;WALESKA IVONNE BARRIOS RIVAS;DIVERSIFICADO;PRIVADO;URBANA;CERRADA DEFINITIVAMENTE;MONOLINGUE;MATUTINA;DIARIO(REGULAR);QUICHè;;
14-01-0180-46;;14-036;QUICHE;SANTA CRUZ DEL QUICHE;INSTITUTO PRIVADO MIXTO DE COMPUTACION INFORMATICA;6A. AVENIDA 0-48 ZONA 1;77553570;JORGE HUMBERTO MOTTA CANO;WALESKA IVONNE BARRIOS RIVAS;DIVERSIFICADO;PRIVADO;URBANA;CERRADA DEFINITIVAMENTE;MONOLINGUE;DOBLE;FIN DE SEMANA;QUICHè;;
14-01-0181-46;;14-01-0801;QUICHE;SANTA CRUZ DEL QUICHE;INSTITUTO PRIVADO MIXTO CIENCIA Y CULTURA;1A. CALLE 13-41, ZONA 2;77563487;JORGE HUMBERTO MOTTA CANO;IBERTO DE LEÆN ORELLANA;DIVERSIFICADO;PRIVADO;URBANA;ABIERTA;MONOLINGUE;DOBLE;FIN DE SEMANA;QUICHè;;
14-01-0183-46;;14-036;QUICHE;SANTA CRUZ DEL QUICHE;COLEGIO CIENTIFICO INTEGRAL EINSTEIN;14 AVENIDA 2-38, ZONA 3;49854279;JORGE HUMBERTO MOTTA CANO;LEONARDO TULUXêN TIîO;DIVERSIFICADO;PRIVADO;URBANA;CERRADA TEMPORALMENTE;MONOLINGUE;VESPERTINA;DIARIO(REGULAR);QUICHè;;
14-01-0186-46;;14-01-0801;QUICHE;SANTA CRUZ DEL QUICHE;COLEGIO MIXTO BILINGUE INTERCULTURAL Q IJ;11 CALLE 6-03 ZONA 1;77550476;JORGE HUMBERTO MOTTA CANO;FEDERICO HERNêNDEZ ZAPETA;DIVERSIFICADO;PRIVADO;URBANA;ABIERTA;MONOLINGUE;DOBLE;FIN DE SEMANA;QUICHè;;
14-01-0189-46;;14-01-0801;QUICHE;SANTA CRUZ DEL QUICHE;COLEGIO MIXTO BILINGUE INTERCULTURAL Q IJ;11 CALLE 6-03 ZONA 1;77550476;JORGE HUMBERTO MOTTA CANO;FEDERICO HERNêNDEZ ZAPETA;DIVERSIFICADO;PRIVADO;URBANA;ABIERTA;BILINGUE;DOBLE;A DISTANCIA;QUICHè;;
14-01-0193-46;;14-036;QUICHE;SANTA CRUZ DEL QUICHE;LICEO TECNOLOGICO DE OCCIDENTE LA PREPARATORIA;4A. CALLE Y 9A. AVENIDA, ZONA 2;77563645;JORGE HUMBERTO MOTTA CANO;DINA GUADALUPE VILLATORO LOARCA;DIVERSIFICADO;PRIVADO;URBANA;CERRADA TEMPORALMENTE;MONOLINGUE;DOBLE;DIARIO(REGULAR);QUICHè;;
14-01-0195-46;;14-036;QUICHE;SANTA CRUZ DEL QUICHE;COLEGIO NUESTRA SEîORA DEL ROSARIO;SANTA CRUZ DEL QUICHE;77552429;JORGE HUMBERTO MOTTA CANO;AGUSTINA IRMA CAMACHO REYNA;DIVERSIFICADO;PRIVADO;URBANA;CERRADA TEMPORALMENTE;BILINGUE;MATUTINA;DIARIO(REGULAR);QUICHè;;
14-01-0199-46;;14-01-0805;QUICHE;SANTA CRUZ DEL QUICHE;COLEGIO NUESTRA SEîORA DEL ROSARIO;SANTA CRUZ DEL QUICHE;77552429;JOSE ANGEL MORALES MATZAR;ESPERANZA SêNCHEZ CORTèZ;DIVERSIFICADO;PRIVADO;URBANA;ABIERTA;MONOLINGUE;MATUTINA;DIARIO(REGULAR);QUICHè;;
14-01-0210-46;;14-036;QUICHE;SANTA CRUZ DEL QUICHE;"COLEGIO EJECUTIVO PRE-UNIVERSITARIO EN COMPUTACIÆN ""CLASSE""";0 AV. 8-24 A ZONA 6;77563714;JORGE HUMBERTO MOTTA CANO;ERVIN WALDEMAR VELêSQUEZ BATEN;DIVERSIFICADO;PRIVADO;URBANA;CERRADA TEMPORALMENTE;MONOLINGUE;DOBLE;FIN DE SEMANA;QUICHè;;
14-01-0227-46;;14-036;QUICHE;SANTA CRUZ DEL QUICHE;"LICEO TECNOLÆGICO DE OCCIDENTE LA ""PREPARATORIA""";9A. AVENIDA 4-65 ZONA 2;77563645;JORGE HUMBERTO MOTTA CANO;GREYSI JESÖS CABRERA;DIVERSIFICADO;PRIVADO;URBANA;CERRADA TEMPORALMENTE;MONOLINGUE;DOBLE;FIN DE SEMANA;QUICHè;;
14-01-0230-46;;14-01-0798;QUICHE;SANTA CRUZ DEL QUICHE;COLEGIO SAN FRANCISCO JAVIER DE QUICHè;KILOMETRO 166.9 ALDEA EL CARMEN CHITATUL;79638520;JOSè OSCAR TIPêZ VELêSQUEZ;GLENDA FAVIOLA VICENTE ZAPETA;DIVERSIFICADO;PRIVADO;RURAL;ABIERTA;MONOLINGUE;MATUTINA;DIARIO(REGULAR);QUICHè;;
14-01-0231-46;;14-01-0805;QUICHE;SANTA CRUZ DEL QUICHE;ESCUELA NORMAL BILINGÉE INTERCULTURAL KÇ ICHEÇ TIJOBÇ áL UTÉX MAYABÇ WINáQ OXLAJUJ TZÇ IÇ;CASERIO BUENA VISTA, XATINAP V;77563721;JOSE ANGEL MORALES MATZAR;FRANCISCO TZOC MEJëA;DIVERSIFICADO;OFICIAL;RURAL;ABIERTA;BILINGUE;MATUTINA;DIARIO(REGULAR);QUICHè;;
14-01-0235-46;;14-036;QUICHE;SANTA CRUZ DEL QUICHE;LICEO TECNOLÆGICO DE OCCIDENTE LA PREPARATORIA;9A. AVENIDA 4-56, ZONA 2;77563645;JORGE HUMBERTO MOTTA CANO;GREYSI JESÖS CABRERA;DIVERSIFICADO;PRIVADO;URBANA;CERRADA TEMPORALMENTE;MONOLINGUE;DOBLE;DIARIO(REGULAR);QUICHè;;
14-01-0236-46;;14-01-0805;QUICHE;SANTA CRUZ DEL QUICHE;INSTITUTO TèCNICO DE NIVEL MEDIO;20 CALLE FINAL DE LA ZONA CUATRO, COLONIA LOS CELAJES;46547266;JOSE ANGEL MORALES MATZAR;MARëA ODILIA RAMëREZ VENTURA;DIVERSIFICADO;OFICIAL;URBANA;ABIERTA;MONOLINGUE;DOBLE;DIARIO(REGULAR);QUICHè;;
14-01-0242-46;;14-036;QUICHE;SANTA CRUZ DEL QUICHE;"INSTITUTO PRIVADO MIXTO ""CIENCIA Y CULTURA""";1A. CALLE 13-41, ZONA 2;77563487;JORGE HUMBERTO MOTTA CANO;IBERTO DE LEÆN ORELLANA;DIVERSIFICADO;PRIVADO;URBANA;CERRADA TEMPORALMENTE;MONOLINGUE;DOBLE;FIN DE SEMANA;QUICHè;;
14-01-0243-46;;14-036;QUICHE;SANTA CRUZ DEL QUICHE;"""LICEO MIXTO QUICHè""";2A. AVENIDA 6-27, ZONA 5;77551705;JORGE HUMBERTO MOTTA CANO;PEM. DAVID ARTURO MOGOLLÆN ARèVALO;DIVERSIFICADO;PRIVADO;URBANA;CERRADA DEFINITIVAMENTE;MONOLINGUE;DOBLE;FIN DE SEMANA;QUICHè;;
14-01-0247-46;;14-036;QUICHE;SANTA CRUZ DEL QUICHE;"LICEO TECNOLÆGICO ""LA PREPARATORIA""";9A. AV. 4-65 ZONA 2;77563645;JORGE HUMBERTO MOTTA CANO;LEIVI MARILë MORALES GÆMEZ;DIVERSIFICADO;PRIVADO;URBANA;CERRADA TEMPORALMENTE;MONOLINGUE;MATUTINA;DIARIO(REGULAR);QUICHè;;
14-01-0249-46;;14-01-0801;QUICHE;SANTA CRUZ DEL QUICHE;INSTITUTO PRIVADO TèCNICO INDUSTRIAL QUICHè;"2A. AVENIDA ""A"" 14-224, ZONA 2";77563722;JORGE HUMBERTO MOTTA CANO;MARIO EDWIN MALDONADO FUENTES;DIVERSIFICADO;PRIVADO;URBANA;ABIERTA;MONOLINGUE;DOBLE;DIARIO(REGULAR);QUICHè;;
14-01-0255-46;;14-01-0801;QUICHE;SANTA CRUZ DEL QUICHE;"INSTITUTO PRIVADO TèCNICO INDUSTRIAL ""QUICHè""";"2A. AVENIDA ""A"" 14-224, ZONA 2";77563722;JORGE HUMBERTO MOTTA CANO;MARIO EDWIN MALDONADO FUENTES;DIVERSIFICADO;PRIVADO;URBANA;ABIERTA;MONOLINGUE;DOBLE;FIN DE SEMANA;QUICHè;;
14-01-0257-46;;14-01-0805;QUICHE;SANTA CRUZ DEL QUICHE;CENTRO DE EDUCACIÆN EXTRAESCOLAR -CEEX-;10A. AVENIDA Y 3A, CALLE ZONA 3;44988120;JOSE ANGEL MORALES MATZAR;KEVIN RONAL MEDRANO LAINES;DIVERSIFICADO;OFICIAL;URBANA;ABIERTA;MONOLINGUE;VESPERTINA;DIARIO(REGULAR);QUICHè;;
14-01-0259-46;;14-036;QUICHE;SANTA CRUZ DEL QUICHE;"COLEGIO EJECUTIVO PRE-UNIVERSITARIO EN COMPUTACIÆN ""CLASSE""";"0 AVENIDA 8-24 ""A"", ZONA 6";77563714;JORGE HUMBERTO MOTTA CANO;CARLOS ALFONSO HERRERA LUIS;DIVERSIFICADO;PRIVADO;URBANA;CERRADA TEMPORALMENTE;MONOLINGUE;MATUTINA;DIARIO(REGULAR);QUICHè;;
14-01-0260-46;;14-007;QUICHE;SANTA CRUZ DEL QUICHE;CENTRO DE ESTUDIOS AVANZADOS NOÇJ -CEAN-;5TA. AVENIDA FINAL FRENTE A RESTAURANTE LA HACIENDA SALIDA A SANTA CRUZ DEL QUICHè;47328814;CARLOS MANUEL TIRIQUIZ TOL;FELICIANO POL SèN;DIVERSIFICADO;PRIVADO;URBANA;CERRADA DEFINITIVAMENTE;MONOLINGUE;MATUTINA;DIARIO(REGULAR);QUICHè;;
14-01-0265-46;;14-01-0805;QUICHE;SANTA CRUZ DEL QUICHE;PROGRAMA NACIONA DE EDUCACIÆN ALTERNATIVA -PRONEA-;2A. AV. 1-4 ZONA 1, QUICHè;59995997;JOSE ANGEL MORALES MATZAR;ELMER CECILIO RAMOS LÆPEZ;DIVERSIFICADO;OFICIAL;RURAL;ABIERTA;MONOLINGUE;DOBLE;A DISTANCIA;QUICHè;;
14-01-0267-46;;14-01-0805;QUICHE;SANTA CRUZ DEL QUICHE;"COLEGIO VIRTUAL ""QUICHè""";11 CALLE 11-209 ZONA 4;40086988;JOSE ANGEL MORALES MATZAR;JUAN JOSè DE LEÆN LARIOS;DIVERSIFICADO;PRIVADO;URBANA;ABIERTA;MONOLINGUE;VESPERTINA;VIRTUAL A DISTANCIA;QUICHè;;
14-01-0269-46;;14-01-0801;QUICHE;SANTA CRUZ DEL QUICHE;"INSTITUTO PRIVADO MIXTO ""CIENCIA Y CULTURA""";1A. CALLE 13-41 ZONA 2;77563487;JORGE HUMBERTO MOTTA CANO;IBERTO DE LEÆN ORELLANA;DIVERSIFICADO;PRIVADO;URBANA;ABIERTA;MONOLINGUE;SIN JORNADA;SEMIPRESENCIAL (FIN DE SEMANA);QUICHè;;
14-01-0270-46;;14-01-0798;QUICHE;SANTA CRUZ DEL QUICHE;CENTRO OFICIAL DE EDUCACIÆN EXTRAESCOLAR HUNAHPÖ E IXBALANQUè -COEEX-;CENTRO PREVENTIVO PARA HOMBRES 1A. CALLE ESQUINA ZONA 1;40178152;JOSè OSCAR TIPêZ VELêSQUEZ;GABRIEL MAQUëN YAT;DIVERSIFICADO;OFICIAL;URBANA;ABIERTA;MONOLINGUE;MATUTINA;SEMIPRESENCIAL;QUICHè;;
14-01-0271-46;;14-01-0802;QUICHE;SANTA CRUZ DEL QUICHE;CENTRO OFICIAL DE EDUCACIÆN EXTRAESCOLAR -CEEX-;CANTÆN PACHÆ, ALDEA LEMÆA;59655416;JEFFREY GEORGE CALVA LOARCA;JUAN CARLOS CHACAJ TOîO;DIVERSIFICADO;OFICIAL;RURAL;ABIERTA;BILINGUE;VESPERTINA;FIN DE SEMANA;QUICHè;;
14-01-0273-46;;14-01-0798;QUICHE;SANTA CRUZ DEL QUICHE;LICEO MIXTO QUICHè;2DA. AVENIDA 6-27, ZONA 5;77551705;JOSè OSCAR TIPêZ VELêSQUEZ;PEM. SILVIA EMILIANA BARRIOS BARRIOS;DIVERSIFICADO;PRIVADO;URBANA;ABIERTA;MONOLINGUE;SIN JORNADA;SEMIPRESENCIAL (FIN DE SEMANA);QUICHè;;
14-01-0275-46;;14-01-0802;QUICHE;SANTA CRUZ DEL QUICHE;"COLEGIO EJECUTIVO PRE-UNIVERSITARIO EN COMPUTACIÆN ""CLASSE""";"8A. CALLE ""A"" 0-98, ZONA 6";77563714;JEFFREY GEORGE CALVA LOARCA;ERVIN WALDEMAR VELêSQUEZ BATEN;DIVERSIFICADO;PRIVADO;URBANA;ABIERTA;MONOLINGUE;SIN JORNADA;SEMIPRESENCIAL (FIN DE SEMANA);QUICHè;;
14-01-0276-46;;14-01-0801;QUICHE;SANTA CRUZ DEL QUICHE;COLEGIO DE FORMACIÆN INTEGRAL DISCëPULOS DE JESÖS;MANZANA A, LOTES 5 Y 6 BOSQUES DE VILLA VALERIA, ZONA 3;77552313;JORGE HUMBERTO MOTTA CANO;THELMA KARINA QUIîÆNEZ RODAS DE RODRëGUEZ;DIVERSIFICADO;PRIVADO;URBANA;ABIERTA;MONOLINGUE;MATUTINA;DIARIO(REGULAR);QUICHè;;
14-01-0278-46;;14-01-0798;QUICHE;SANTA CRUZ DEL QUICHE;CENTRO DE EDUCACIÆN EXTRAESCOLAR -CEEX- DEPARTAMENTAL;2A. AVENIDA 1-04, ZONA 1;31174739;JOSè OSCAR TIPêZ VELêSQUEZ;JOEL NEHEMIAS NIX CHAN;DIVERSIFICADO;OFICIAL;URBANA;ABIERTA;MONOLINGUE;DOBLE;SEMIPRESENCIAL;QUICHè;;
14-01-0279-46;;14-01-0801;QUICHE;SANTA CRUZ DEL QUICHE;INSTITUTO PRIVADO TèCNICO INDUSTRIAL QUICHè;2A. AVENIDA 14-224, ZONA 2;77563722;JORGE HUMBERTO MOTTA CANO;MARIO EDWIN MALDONADO FUENTES;DIVERSIFICADO;PRIVADO;URBANA;ABIERTA;MONOLINGUE;SIN JORNADA;SEMIPRESENCIAL (FIN DE SEMANA);QUICHè;;
14-01-0287-46;;14-01-0801;QUICHE;SANTA CRUZ DEL QUICHE;COLEGIO IDEA VIRTUAL;4A. AVENIDA 13-29 ZONA 2;56175661;JORGE HUMBERTO MOTTA CANO;RENè FERNANDO HERNêNDEZ GONZêLEZ;DIVERSIFICADO;PRIVADO;URBANA;ABIERTA;MONOLINGUE;MATUTINA;VIRTUAL A DISTANCIA;QUICHè;;
14-01-0288-46;;14-01-0805;QUICHE;SANTA CRUZ DEL QUICHE;"COLEGIO MULTIEDUCATIVO ""LA REFORMA""";16 CALLE 7-34 ZONA 4;77563633;JOSE ANGEL MORALES MATZAR;CARLOS ROBERTO ARRIAGA DEL VALLE;DIVERSIFICADO;PRIVADO;URBANA;ABIERTA;MONOLINGUE;DOBLE;DIARIO(REGULAR);QUICHè;;
14-01-0292-46;;14-001;QUICHE;SANTA CRUZ DEL QUICHE;"INSTITUTO ""ADOLFO V. HALL""";KILOMETRO 161 ENTRADA A SANTA CRUZ DEL QUICHè;39912179;JOSE OSCAR TIPAZ VELASQUEZ;ARAM JORDêM SANDOVAL;DIVERSIFICADO;OFICIAL;URBANA;ABIERTA;MONOLINGUE;DOBLE;DIARIO(REGULAR);QUICHè;;
14-01-1082-46;;;QUICHE;SANTA CRUZ DEL QUICHE;INSTITUTO PRIVADO MIXTO 'CIENCIA Y DESARROLLO';4a. AV. 4-03 ZONA 1;;;;DIVERSIFICADO;PRIVADO;URBANA;CERRADA DEFINITIVAMENTE;MONOLINGUE;MATUTINA;DIARIO(REGULAR);QUICHè;;
14-01-1137-46;;14-036;QUICHE;SANTA CRUZ DEL QUICHE;INSTITUTO PRIVADO MIXTO CIENCIA Y CULTURA;1A. CALLE 13-41, ZONA 2;77563487;JORGE HUMBERTO MOTTA CANO;IBERTO DE LEÆN ORELLANA;DIVERSIFICADO;PRIVADO;URBANA;CERRADA DEFINITIVAMENTE;MONOLINGUE;DOBLE;FIN DE SEMANA;QUICHè;;
14-01-3544-46;;14-01-0801;QUICHE;SANTA CRUZ DEL QUICHE;INSTITUTO PRIVADO TECNICO INDUSTRIAL QUICHE;"2A. AVENIDA ""A"" 14-224 ZONA 2";77563722;JORGE HUMBERTO MOTTA CANO;MARIO EDWIN MALDONADO FUENTES;DIVERSIFICADO;PRIVADO;URBANA;ABIERTA;MONOLINGUE;VESPERTINA;DIARIO(REGULAR);QUICHè;;
14-01-3848-46;;14-036;QUICHE;SANTA CRUZ DEL QUICHE;LICEO CRISTIANO SINAI;CASA FINAL, COLONIA GUMARCAAJ;77551805;JORGE HUMBERTO MOTTA CANO;;DIVERSIFICADO;PRIVADO;URBANA;CERRADA TEMPORALMENTE;MONOLINGUE;VESPERTINA;DIARIO(REGULAR);QUICHè;;
14-01-4550-46;;14-036;QUICHE;SANTA CRUZ DEL QUICHE;LICEO MIXTO 'QUICHE';2AV. 6-27 ZONA 5;77551705;JORGE HUMBERTO MOTTA CANO;PEM. DAVID ARTURO MOGOLLÆN ARèVALO;DIVERSIFICADO;PRIVADO;URBANA;CERRADA TEMPORALMENTE;MONOLINGUE;DOBLE;DIARIO(REGULAR);QUICHè;;
14-01-4555-46;;14-01-0802;QUICHE;SANTA CRUZ DEL QUICHE;COLEGIO EJECUTIVO PRE-UNIVERSITARIO EN COMPUTACION CLASSE;"8A. CALLE ""A"" 0-98, ZONA 6";77563714;JEFFREY GEORGE CALVA LOARCA;ERVIN WALDEMAR VELêSQUEZ BATEN;DIVERSIFICADO;PRIVADO;URBANA;ABIERTA;MONOLINGUE;VESPERTINA;DIARIO(REGULAR);QUICHè;;
14-01-4970-46;;25-000;QUICHE;SANTA CRUZ DEL QUICHE;INSTITUTO GUATEMALTECOD DE EDUCACION RADIOFONICA (IGER);SANTA CRUZ DEL QUICHE;;SONIA HAYDEE REYES MONTERROSO;;DIVERSIFICADO;PRIVADO;URBANA;CERRADA TEMPORALMENTE;MONOLINGUE;MATUTINA;A DISTANCIA;QUICHè;;
14-01-5098-46;;14-01-0798;QUICHE;SANTA CRUZ DEL QUICHE;ESCUELA NORMAL DE EDUCACION FISICA;1A. AVENIDA 12-408 ZONA 5;79268202;JOSè OSCAR TIPêZ VELêSQUEZ;JUAN NICOLAS GARCIA CUTZ;DIVERSIFICADO;OFICIAL;URBANA;ABIERTA;MONOLINGUE;DOBLE;DIARIO(REGULAR);QUICHè;;
14-01-5221-46;;14-01-0805;QUICHE;SANTA CRUZ DEL QUICHE;ESCUELA NORMAL BILINGUE INTERCULTURAL KÇICHEÇ TIJOBÇAL UTUX MAYABÇ WINAQ OXLAJUJ TZÇ IÇ;CASERIO BUENA VISTA, XATINAP V;77563721;JOSE ANGEL MORALES MATZAR;FRANCISCO TZOC MEJëA;DIVERSIFICADO;OFICIAL;URBANA;ABIERTA;BILINGUE;DOBLE;DIARIO(REGULAR);QUICHè;;
14-01-5679-46;;14-036;QUICHE;SANTA CRUZ DEL QUICHE;LICEO TECNOLOGICO DE OCCIDENTE LA PREPARATORIA;5AV. 0-38 ZONA 1;77563645;JORGE HUMBERTO MOTTA CANO;LEIVI MARILë MORALES GÆMEZ;DIVERSIFICADO;PRIVADO;URBANA;CERRADA TEMPORALMENTE;MONOLINGUE;VESPERTINA;DIARIO(REGULAR);QUICHè;;
14-01-5718-46;;14-01-0802;QUICHE;SANTA CRUZ DEL QUICHE;COLEGIO EJECUTIVO PRE-UNIVERSITARIO EN COMPUTACION CLASSE;"8A. CALLE ""A"" 0-98, ZONA 6";77563714;JEFFREY GEORGE CALVA LOARCA;ERVIN WALDEMAR VELêSQUEZ BATEN;DIVERSIFICADO;PRIVADO;URBANA;ABIERTA;MONOLINGUE;DOBLE;FIN DE SEMANA;QUICHè;;
14-01-5958-46;;14-01-0800;QUICHE;SANTA CRUZ DEL QUICHE;COLEGIO CIENTIFICO DR. EDUARDO SUGER;ALDEA EL CARMEN CHITATUL;55747445;ELMER ROLANDO REVOLORIO MARROQUäN;GILDA DANIELA LOPEZ MATZAR;DIVERSIFICADO;PRIVADO;RURAL;ABIERTA;MONOLINGUE;VESPERTINA;DIARIO(REGULAR);QUICHè;;
14-01-5998-46;;14-01-0798;QUICHE;SANTA CRUZ DEL QUICHE;COLEGIO PRIVADO 'LICEO MIXTO QUICHE';2A. AVENIDA 6-27 ZONA 5;77551705;JOSè OSCAR TIPêZ VELêSQUEZ;PEM. SILVIA EMILIANA BARRIOS BARRIOS;DIVERSIFICADO;PRIVADO;URBANA;ABIERTA;MONOLINGUE;DOBLE;FIN DE SEMANA;QUICHè;;
14-01-5999-46;;14-01-0798;QUICHE;SANTA CRUZ DEL QUICHE;COLEGIO PRIVADO 'LICEO MIXTO QUICHE';2A. AVENIDA 6-27 ZONA 5;77551705;JOSè OSCAR TIPêZ VELêSQUEZ;PEM. SILVIA EMILIANA BARRIOS BARRIOS;DIVERSIFICADO;PRIVADO;URBANA;ABIERTA;MONOLINGUE;VESPERTINA;DIARIO(REGULAR);QUICHè;;
14-01-6070-46;;14-01-0805;QUICHE;SANTA CRUZ DEL QUICHE;"COLEGIO MULTIEDUCATIVO ""LA REFORMA""";16 CALLE 7-34 ZONA 4;77563633;JOSE ANGEL MORALES MATZAR;CARLOS ROBERTO ARRIAGA DEL VALLE;DIVERSIFICADO;PRIVADO;URBANA;ABIERTA;MONOLINGUE;VESPERTINA;DIARIO(REGULAR);QUICHè;;
14-01-6071-46;;14-01-0801;QUICHE;SANTA CRUZ DEL QUICHE;COLEGIO MIXTO BILINGUE INTERCULTURAL Q IJ;11 CALLE 06-03 ZONA 1;77550476;JORGE HUMBERTO MOTTA CANO;FEDERICO HERNêNDEZ ZAPETA;DIVERSIFICADO;PRIVADO;URBANA;ABIERTA;BILINGUE;VESPERTINA;DIARIO(REGULAR);QUICHè;;
14-01-6083-46;;14-036;QUICHE;SANTA CRUZ DEL QUICHE;COLEGIO MIXTO BILINGUE INTERCULTURAL 'Q'IJ';11 CALLE 06-03 ZONA 1;;JORGE HUMBERTO MOTTA CANO;;DIVERSIFICADO;PRIVADO;URBANA;CERRADA TEMPORALMENTE;BILINGUE;MATUTINA;DIARIO(REGULAR);QUICHè;;
14-01-6123-46;;14-01-0805;QUICHE;SANTA CRUZ DEL QUICHE;INSTITUTO TECNICO DE NIVEL MEDIO;FINAL DE LA ZONA 4 COLONIA LOS CELAJES;46547266;JOSE ANGEL MORALES MATZAR;MARëA ODILIA RAMëREZ VENTURA;DIVERSIFICADO;OFICIAL;URBANA;ABIERTA;MONOLINGUE;MATUTINA;DIARIO(REGULAR);QUICHè;;
14-02-0027-46;;14-02-0807;QUICHE;CHICHE;"COLEGIO EVANGèLICO ""ADONAI""";CHICHè;30018737;JUAN CARLOS LEON PONCIO;FRANCISCO FèLIX PIXCAR SAQUIC;DIVERSIFICADO;PRIVADO;URBANA;ABIERTA;MONOLINGUE;VESPERTINA;DIARIO(REGULAR);QUICHè;;
14-03-0027-46;;14-03-0809;QUICHE;CHINIQUE;INSTITUTO NACIONAL DE EDUCACION DIVERSIFICADA;ALDEA AGUA TIBIA;0;OSBERTO FILADELFO RUëZ URëZAR;ALMA BEATRIZ NORIEGA VELêSQUEZ;DIVERSIFICADO;OFICIAL;RURAL;ABIERTA;MONOLINGUE;VESPERTINA;DIARIO(REGULAR);QUICHè;;
14-03-0040-46;;14-004;QUICHE;CHINIQUE;INSTITUTO NACIONAL DE EDUCACION DIVERSIFICADA;ALDEA AGUA TIBIA;49869579;LILIAN SOFIA DE LEON NORIEGA DE MORALES;MIGUEL LUCAS PACHECO OSORIO;DIVERSIFICADO;OFICIAL;RURAL;CERRADA TEMPORALMENTE;MONOLINGUE;DOBLE;DIARIO(REGULAR);QUICHè;;
14-03-0043-46;;14-037;QUICHE;CHINIQUE;CENTRO OFICIAL DE EDUCACIÆN EXTRAESCOLAR -COEEX-;EOUM JV, BARRIO EL CALVARIO;46834305;ANGELINA LUX MENDOZA DE PUAC;OSCAR PACHECO LÆPEZ;DIVERSIFICADO;OFICIAL;URBANA;CERRADA TEMPORALMENTE;MONOLINGUE;DOBLE;A DISTANCIA;QUICHè;;
14-04-0033-46;;14-036;QUICHE;ZACUALPA;LICEO INTERCULTURAL ZACUALPA;4A. AVENIDA 3-43 ZONA 2;;JORGE HUMBERTO MOTTA CANO;MIGUEL ANGEL CORDOVA AREVALO;DIVERSIFICADO;PRIVADO;URBANA;CERRADA TEMPORALMENTE;MONOLINGUE;VESPERTINA;DIARIO(REGULAR);QUICHè;;
14-04-0039-46;;14-04-0811;QUICHE;ZACUALPA;CENTRO EDUCATIVO RI TINAMIT KUWALSAJ RIB, FE Y ALEGRIA NO. 11;2A. AVENIDA 05-05 ZONA 1;77366135;MARVIN ELI RAMOS ROSALES;JOSè EDWIN JOJ TZOY;DIVERSIFICADO;PRIVADO;URBANA;ABIERTA;MONOLINGUE;VESPERTINA;DIARIO(REGULAR);QUICHè;;
14-04-0048-46;;14-005;QUICHE;ZACUALPA;LICEO INTERCULTURAL ZACUALPA;4A. AVENIDA 3-43, ZONA 2;57308053;MARVIN ELI RAMOS ROSALES;BYRON ESTUARDO ZAPETA REYNOZO;DIVERSIFICADO;PRIVADO;URBANA;CERRADA DEFINITIVAMENTE;MONOLINGUE;DOBLE;FIN DE SEMANA;QUICHè;;
14-04-0050-46;;14-004;QUICHE;ZACUALPA;LICEO INTERCULTURAL ZACUALPA;4A. AVENIDA 3-43, ZONA 2;53668614;LILIAN SOFIA DE LEON NORIEGA DE MORALES;BYRON ESTUARDO SILVERIO ZAPETA REYNOZO;DIVERSIFICADO;PRIVADO;URBANA;CERRADA TEMPORALMENTE;MONOLINGUE;DOBLE;FIN DE SEMANA;QUICHè;;
14-04-0058-46;;14-037;QUICHE;ZACUALPA;CENTRO DE EDUCACIÆN EXTRAESCOLAR -CEEX-;2A. AVENIDA 2-10 ZONA 2;31940999;ANGELINA LUX MENDOZA DE PUAC;OLGA MARINA CHIVALêN CHINGO;DIVERSIFICADO;OFICIAL;URBANA;CERRADA TEMPORALMENTE;MONOLINGUE;DOBLE;FIN DE SEMANA;QUICHè;;
14-05-0061-46;;14-041;QUICHE;CHAJUL;COLEGIO EVANGELICO METODISTA FILADELFIA;CANTON ILOM;45826616;MIGUEL CHEL CORIO;ROMUALDO PERFECTO SANTIAGO RAMëREZ;DIVERSIFICADO;PRIVADO;URBANA;ABIERTA;MONOLINGUE;VESPERTINA;DIARIO(REGULAR);QUICHè;;
14-05-0066-46;;14-036;QUICHE;CHAJUL;CENTRO EDUCATIVO MIXTO BILINGUE INTERCULTURAL KAJB AL NO J;ALDEA CHEL;49074250;JORGE HUMBERTO MOTTA CANO;ANGEL DOMINGO VASQUEZ GUZMAN;DIVERSIFICADO;PRIVADO;RURAL;CERRADA TEMPORALMENTE;MONOLINGUE;VESPERTINA;DIARIO(REGULAR);QUICHè;;
14-05-0080-46;;14-042;QUICHE;CHAJUL;INSTITUTO DIVERSIFICADO POR COOPERATIVA DE ENSEîANZA;CANTÆN VIPATNê;32468657;ROBINSON ALFREDO RAMÆN MORALES;DOMINGO MENDOZA RIVERA;DIVERSIFICADO;COOPERATIVA;URBANA;ABIERTA;BILINGUE;MATUTINA;DIARIO(REGULAR);QUICHè;;
14-05-0083-46;;14-006;QUICHE;CHAJUL;INSTITUTO DIVERSIFICADO SOCIEDAD IXIL;CANTÆN CHAJUL;50072806;GASPAR VI CABA;MATEO NUNAL MèNDEZ;DIVERSIFICADO;PRIVADO;URBANA;CERRADA TEMPORALMENTE;BILINGUE;MATUTINA;DIARIO(REGULAR);QUICHè;;
14-05-0084-46;;14-05-0814;QUICHE;CHAJUL;INSTITUTO DIVERSIFICADO MIXTO BILINGÉE;CANTÆN VIPATNê;51843372;GASPAR Vë CABA;GASPAR ASICONA ANAY;DIVERSIFICADO;PRIVADO;URBANA;ABIERTA;MONOLINGUE;MATUTINA;DIARIO(REGULAR);QUICHè;;
14-05-0091-46;;14-037;QUICHE;CHAJUL;CENTRO DE EDUCACIÆN EXTRAESCOLAR -CEEX-;ALDEA ESTRELLA POLAR;55242726;ANGELINA LUX MENDOZA DE PUAC;NOè MATEO DEL BARRIO CABA;DIVERSIFICADO;OFICIAL;RURAL;CERRADA TEMPORALMENTE;BILINGUE;MATUTINA;DIARIO(REGULAR);QUICHè;;
14-05-0103-46;;14-05-0814;QUICHE;CHAJUL;COLEGIO MIXTO HORIZONTES SIN LIMITES IXIL;SECTOR VI PATNA DEL CANTÆN CHAJUL;46695668;GASPAR Vë CABA;ODILIA CATARINA CEDILLO CETO;DIVERSIFICADO;PRIVADO;URBANA;ABIERTA;MONOLINGUE;DOBLE;DIARIO(REGULAR);QUICHè;;
14-05-0111-46;;14-006;QUICHE;CHAJUL;INED INSTITUTO NACIONAL DE EDUCACIÆN DIVERSIFICADA;CANTÆN TZI¢ TA¢L XU¢L;48573116;GASPAR VI CABA;;DIVERSIFICADO;OFICIAL;RURAL;ABIERTA;BILINGUE;VESPERTINA;DIARIO(REGULAR);QUICHè;;
14-05-0113-46;;14-046;QUICHE;CHAJUL;INED INSTITUTO NACIONAL DE EDUCACIÆN DIVERSIFICADA;ALDEA ILÆM;30831528;MARIO DE JESUS ESCOBAR VILLATORO;;DIVERSIFICADO;OFICIAL;RURAL;ABIERTA;MONOLINGUE;VESPERTINA;DIARIO(REGULAR);QUICHè;;
14-05-0114-46;;14-046;QUICHE;CHAJUL;INED INSTITUTO NACIONAL DE EDUCACIÆN DIVERSIFICADA;ALDEA CHEL;46882431;MARIO DE JESUS ESCOBAR VILLATORO;JUAN ESCOBAR CANAY;DIVERSIFICADO;OFICIAL;RURAL;ABIERTA;MONOLINGUE;VESPERTINA;DIARIO(REGULAR);QUICHè;;
14-05-5455-46;;14-05-0814;QUICHE;CHAJUL;INSTITUTO DIVERSIFICADO SOCIEDAD IXIL;CANTON ILOM;45947232;GASPAR Vë CABA;ROMUALDO PERFECTO SANTIAGO RAMIREZ;DIVERSIFICADO;PRIVADO;URBANA;ABIERTA;MONOLINGUE;DOBLE;DIARIO(REGULAR);QUICHè;;
14-05-5456-46;;14-006;QUICHE;CHAJUL;INSTITUTO DIVERSIFICADO MIXTO BILINGUE;CHAJUL;;GASPAR VI CABA;PEDRO CEDILLO MARCOS;DIVERSIFICADO;PRIVADO;URBANA;CERRADA TEMPORALMENTE;BILINGUE;MATUTINA;DIARIO(REGULAR);QUICHè;;
14-06-0020-46;;14-06-0818;QUICHE;SANTO TOMAS CHICHICASTENANGO;INSTITUTO NACIONAL DE EDUCACION DIVERSIFICADA;5A. AVENIDA ARCO GUCUMATZ 1-61, ZONA 1;42446716;CARLOS MANUEL TIRIQUIZ TOL;HELIA ROXANA TZOC CHINOL;DIVERSIFICADO;OFICIAL;URBANA;ABIERTA;MONOLINGUE;VESPERTINA;DIARIO(REGULAR);QUICHè;;
14-06-0038-46;;14-06-0818;QUICHE;SANTO TOMAS CHICHICASTENANGO;CENTRO EDUCATIVO ANUNCIATA;CHICHICASTENANGO;30922841;CARLOS MANUEL TIRIQUIZ TOL;DIEGO AJANEL RAMOS;DIVERSIFICADO;PRIVADO;URBANA;ABIERTA;MONOLINGUE;MATUTINA;DIARIO(REGULAR);QUICHè;;
14-06-0048-46;;14-042;QUICHE;SANTO TOMAS CHICHICASTENANGO;INSTITUTO DIVERSIFICADO POR COOPERATIVA;CANTÆN CHICUA PRIMERO;53358214;ROBINSON ALFREDO RAMÆN MORALES;TOMASA CALGUA LUX;DIVERSIFICADO;COOPERATIVA;RURAL;CERRADA DEFINITIVAMENTE;MONOLINGUE;VESPERTINA;DIARIO(REGULAR);QUICHè;;
14-06-0049-46;;14-06-0817;QUICHE;SANTO TOMAS CHICHICASTENANGO;INSTITUTO DIVERSIFICADO POR COOPERATIVA;CANTÆN CHICUA PRIMERO;53358214;JOSè EDUARDO AJANEL VENTURA;TOMASA CALGUA LUX;DIVERSIFICADO;COOPERATIVA;RURAL;ABIERTA;BILINGUE;MATUTINA;DIARIO(REGULAR);QUICHè;;
14-06-0060-46;;14-06-0824;QUICHE;SANTO TOMAS CHICHICASTENANGO;INSTITUTO DIVERSIFICADO DE EDUCACIÆN POR COOPERATIVA;CANTÆN CHUPOL;30025740;ERICK SEBASTIêN XIRÖN SALVADOR;JUANA MORALES MORALES;DIVERSIFICADO;COOPERATIVA;RURAL;ABIERTA;MONOLINGUE;VESPERTINA;DIARIO(REGULAR);QUICHè;;
14-06-0066-46;;14-06-0818;QUICHE;SANTO TOMAS CHICHICASTENANGO;CENTRO DE EDUCACIÆN EXTRAESCOLAR -CEEX-;10 CALLE 5-21 ZONA ÖNICA;48745790;CARLOS MANUEL TIRIQUIZ TOL;JORGE ROBERTO XILOJ LEÆN;DIVERSIFICADO;OFICIAL;URBANA;ABIERTA;MONOLINGUE;VESPERTINA;DIARIO(REGULAR);QUICHè;;
14-06-0070-46;;14-06-0819;QUICHE;SANTO TOMAS CHICHICASTENANGO;CENTRO DE ESTUDIOS AVANZADOS NOÇJ -CEAN-;5A. AVENIDA FINAL SALIDA A SANTA CRUZ DEL QUICHè;47328814;MIGUEL LEON MEJIA;EDGAR ANIBAL TIRIQUIZ SUT;DIVERSIFICADO;PRIVADO;URBANA;ABIERTA;MONOLINGUE;DOBLE;DIARIO(REGULAR);QUICHè;;
14-06-0071-46;;14-06-0819;QUICHE;SANTO TOMAS CHICHICASTENANGO;CENTRO DE ESTUDIOS AVANZADOS NOÇJ -CEAN-;5A. AVENIDA FINAL SALIDA A SANTA CRUZ DEL QUICHè;47328814;MIGUEL LEON MEJIA;EDGAR ANIBAL TIRIQUIZ SUT;DIVERSIFICADO;PRIVADO;URBANA;ABIERTA;MONOLINGUE;MATUTINA;DIARIO(REGULAR);QUICHè;;
14-06-0072-46;;14-06-0817;QUICHE;SANTO TOMAS CHICHICASTENANGO;CENTRO OFICIAL DE EDUCACIÆN EXTRAESCOLAR -CEEX-;CANTÆN CHICUê SEGUNDO;45061361;JOSè EDUARDO AJANEL VENTURA;JOSè EDUARDO AJANEL VENTURA;DIVERSIFICADO;OFICIAL;RURAL;ABIERTA;BILINGUE;DOBLE;FIN DE SEMANA;QUICHè;;
14-06-0073-46;;14-037;QUICHE;SANTO TOMAS CHICHICASTENANGO;CENTRO OFICIAL DE EDUCACIÆN EXTRAESCOLAR -CEEX-;CANTÆN CHIJTINIMIT;44889148;ANGELINA LUX MENDOZA DE PUAC;DIEGO CHUMIL SENTè;DIVERSIFICADO;OFICIAL;RURAL;CERRADA TEMPORALMENTE;MONOLINGUE;VESPERTINA;DIARIO(REGULAR);QUICHè;;
14-06-0153-46;;14-06-0819;QUICHE;SANTO TOMAS CHICHICASTENANGO;TECNOLÆGICO ALTIPLANO;CANTÆN CHUJUPèN;40582500;MIGUEL LEON MEJIA;ERICK SEBASTIêN XIRÖN SALVADOR;DIVERSIFICADO;PRIVADO;RURAL;ABIERTA;MONOLINGUE;DOBLE;FIN DE SEMANA;QUICHè;;
14-06-0156-46;;14-06-0824;QUICHE;SANTO TOMAS CHICHICASTENANGO;INED INSTITUTO NACIONAL DE EDUCACIÆN DIVERSIFICADA;CANTÆN CHUGÉEXA SEGUNDO A;30262326;ERICK SEBASTIêN XIRÖN SALVADOR;;DIVERSIFICADO;OFICIAL;RURAL;ABIERTA;MONOLINGUE;VESPERTINA;DIARIO(REGULAR);QUICHè;;
14-06-0158-46;;14-06-0817;QUICHE;SANTO TOMAS CHICHICASTENANGO;INED INSTITUTO NACIONAL DE EDUCACIÆN DIVERSIFICADA;CANTÆN CHICUê SEGUNDO;59027182;JOSè EDUARDO AJANEL VENTURA;;DIVERSIFICADO;OFICIAL;RURAL;ABIERTA;BILINGUE;VESPERTINA;DIARIO(REGULAR);QUICHè;;
14-06-0159-46;;14-06-0822;QUICHE;SANTO TOMAS CHICHICASTENANGO;INED INSTITUTO NACIONAL DE EDUCACIÆN DIVERSIFICADA;CANTÆN XECOJê;30531185;ELADIO XIRÖM MEJëA;;DIVERSIFICADO;OFICIAL;RURAL;ABIERTA;BILINGUE;VESPERTINA;DIARIO(REGULAR);QUICHè;;
14-06-1079-46;;14-06-0819;QUICHE;SANTO TOMAS CHICHICASTENANGO;ESCUELA DE CIENCIAS COMERCIALES;LOTIFICACION VILLAS DE SANTO TOMAS;55155179;MIGUEL LEON MEJIA;VICTOR ROLANDO GARCëA DE LEÆN;DIVERSIFICADO;PRIVADO;URBANA;ABIERTA;MONOLINGUE;VESPERTINA;DIARIO(REGULAR);QUICHè;;
14-06-3740-46;;14-06-0818;QUICHE;SANTO TOMAS CHICHICASTENANGO;INSTITUTO PRIVADO DE CIENCIAS SECRETARIALES;2A. CALLE 3-16 ZONA 1;51156813;CARLOS MANUEL TIRIQUIZ TOL;OSCAR ARNOLDO GIRÆN SOTO;DIVERSIFICADO;PRIVADO;URBANA;ABIERTA;MONOLINGUE;INTERMEDIA;DIARIO(REGULAR);QUICHè;;
14-06-4674-46;;14-036;QUICHE;SANTO TOMAS CHICHICASTENANGO;CENTRO EDUCATIVO DE MAGISTERIO BILINGUE;CANTON CHICUA PRIMERO;;JORGE HUMBERTO MOTTA CANO;;DIVERSIFICADO;PRIVADO;RURAL;CERRADA DEFINITIVAMENTE;BILINGUE;VESPERTINA;DIARIO(REGULAR);QUICHè;;
14-06-5093-46;;14-06-0819;QUICHE;SANTO TOMAS CHICHICASTENANGO;INSTITUTO TECNOLOGICO KICHE DE FORMACION Y PRODUCCION PARA EL DESARROLLO Y LA PAZ;5A. AV. ARCO GUCUMATZ 1-00;47729229;MIGUEL LEON MEJIA;OSMAN GABRIEL GARCëA GIRÆN;DIVERSIFICADO;PRIVADO;URBANA;ABIERTA;MONOLINGUE;DOBLE;DIARIO(REGULAR);QUICHè;;
14-06-5460-46;;14-042;QUICHE;SANTO TOMAS CHICHICASTENANGO;INSTITUTO DIVERSIFICADO POR COOPERATIVA;CANTON CHICUA I;52196395;ROBINSON ALFREDO RAMÆN MORALES;;DIVERSIFICADO;COOPERATIVA;RURAL;CERRADA DEFINITIVAMENTE;BILINGUE;DOBLE;DIARIO(REGULAR);QUICHè;;
14-06-5701-46;;14-06-0819;QUICHE;SANTO TOMAS CHICHICASTENANGO;CENTRO DE ESTUDIOS AVANZADOS NOÇJ -CEAN-;5A. AVENIDA FINAL SALIDA A SANTA CRUZ DE QUICHè;47328814;MIGUEL LEON MEJIA;BENITO CALEL VELêSQUEZ;DIVERSIFICADO;PRIVADO;RURAL;ABIERTA;MONOLINGUE;DOBLE;FIN DE SEMANA;QUICHè;;
14-06-5967-46;;14-009;QUICHE;SANTO TOMAS CHICHICASTENANGO;INSTITUTO TECNOLOGICO CHUPOL;CANTON CHUPOL;46299260;ANA MARIA URIZAR CHAVEZ DE ROSALES;SEBASTIêN LARES CALEL;DIVERSIFICADO;PRIVADO;RURAL;CERRADA DEFINITIVAMENTE;MONOLINGUE;VESPERTINA;DIARIO(REGULAR);QUICHè;;
14-07-0009-46;;14-07-0825;QUICHE;PATZITE;INSTITUTO NACIONAL DE EDUCACION DIVERSIFICADA;SECTOR XEMARëA, CASCO URBANO;38818986;JUAN QUINILLA US;HèCTOR ALFONSO DE LEÆN URëZAR;DIVERSIFICADO;OFICIAL;URBANA;ABIERTA;MONOLINGUE;VESPERTINA;DIARIO(REGULAR);QUICHè;;
14-08-0033-46;;14-08-0826;QUICHE;SAN ANTONIO ILOTENANGO;COLEGIO PRE-UNIVERSITARIO NUEVO MILENIO;4TA. CALLE 2-119, ZONA 1;45770209;FRANCISCO VICENTE ICHOP;JENNIFER CATALINA VILLATORO GIL;DIVERSIFICADO;PRIVADO;URBANA;ABIERTA;MONOLINGUE;VESPERTINA;DIARIO(REGULAR);QUICHè;;
14-08-0041-46;;14-08-0826;QUICHE;SAN ANTONIO ILOTENANGO;INED INSTITUTO NACIONAL DE EDUCACIÆN DIVERSIFICADA ILOKAB¢;ZONA 6, CHOTACAJ;55734513;FRANCISCO VICENTE ICHOP;;DIVERSIFICADO;OFICIAL;URBANA;ABIERTA;MONOLINGUE;VESPERTINA;DIARIO(REGULAR);QUICHè;;
14-08-6084-46;;14-08-0826;QUICHE;SAN ANTONIO ILOTENANGO;INSTITUTO EDUCATIVO PARA EL DESARROLLO EMPRESARIAL Y SOCIAL IDES;CABECERA MUNICIPAL;51953732;FRANCISCO VICENTE ICHOP;TIMOTEO LÖCAS COR;DIVERSIFICADO;PRIVADO;URBANA;ABIERTA;BILINGUE;VESPERTINA;DIARIO(REGULAR);QUICHè;;
14-09-0068-46;;14-09-0828;QUICHE;SAN PEDRO JOCOPILAS;CENTRO EDUCATIVO MIXTO BILINGUE INTERCULTURAL UNO JB AL XOKOPILA , CEMBI;CANTON CENTRAL, SALIDA AL CANTON CHITUCUR I;47818873;LUIS FERNANDO GIL GONZêLEZ;PEDRO JAVIER PELICÆ TAMUP;DIVERSIFICADO;PRIVADO;RURAL;ABIERTA;BILINGUE;VESPERTINA;DIARIO(REGULAR);QUICHè;;
14-09-0074-46;;14-09-0830;QUICHE;SAN PEDRO JOCOPILAS;COLEGIO MIXTO INTERCULTURAL BILINGÉE SAN JOSè;ALDEA SAN JOSè EL TUNAL;59622513;ESTERFINA NOHEMë HERRERA MORALES DE SOSA;JESSICA HERMELINDA MèRIDA CLAUDIO;DIVERSIFICADO;PRIVADO;RURAL;ABIERTA;MONOLINGUE;VESPERTINA;DIARIO(REGULAR);QUICHè;;
14-09-0091-46;;14-09-0828;QUICHE;SAN PEDRO JOCOPILAS;CENTRO OFICIAL DE EDUCACIÆN EXTRAESCOLAR -CEEX-;SAN PEDRO JOCOPILAS;55374274;LUIS FERNANDO GIL GONZêLEZ;RUDY CALIN GARCëA IXCOY;DIVERSIFICADO;OFICIAL;URBANA;ABIERTA;MONOLINGUE;DOBLE;FIN DE SEMANA;QUICHè;;
14-10-0052-46;;14-036;QUICHE;CUNEN;COLEGIO MIXTO BILINGUE INTERCULTURAL HERMANO OSCAR AZMITIA;;58230024;JORGE HUMBERTO MOTTA CANO;MIGUEL ANGEL CAMAJA;DIVERSIFICADO;PRIVADO;URBANA;CERRADA DEFINITIVAMENTE;MONOLINGUE;NOCTURNA;DIARIO(REGULAR);QUICHè;;
14-10-0056-46;;14-053;QUICHE;CUNEN;COLEGIO EVANGELICO MIXTO CHIUL-CEMC;ALDEA CHIUL;;JACINTO HERNANDEZ BOTON;CARLOS ALFREDO ESCOBAR RIVAS;DIVERSIFICADO;PRIVADO;RURAL;CERRADA DEFINITIVAMENTE;BILINGUE;VESPERTINA;DIARIO(REGULAR);QUICHè;;
14-10-0059-46;;14-10-0832;QUICHE;CUNEN;INSTITUTO NACIONAL DE EDUCACION DIVERSIFICADA;BARRIO SAN FRANCISCO;46572036;ELMER AROLDO HERNêNDEZ SALAZAR;AGUSTIN PÖ RODRëGUEZ;DIVERSIFICADO;OFICIAL;URBANA;ABIERTA;MONOLINGUE;VESPERTINA;DIARIO(REGULAR);QUICHè;;
14-10-0077-46;;14-10-0832;QUICHE;CUNEN;"COLEGIO MIXTO BILINGÉE INTERCULTURAL ""HERMANO OSCAR AZMITIA""";BARRRIO SAN FRANCISCO;31406438;ELMER AROLDO HERNêNDEZ SALAZAR;MIGUEL ANGEL CAMAJê CABRERA;DIVERSIFICADO;PRIVADO;URBANA;ABIERTA;BILINGUE;DOBLE;FIN DE SEMANA;QUICHè;;
14-10-0078-46;;14-013;QUICHE;CUNEN;"COLEGIO MIXTO BILINGÉE INTERCULTURAL ""HERMANO OSCAR AZMITIA""";BARRRIO SAN FRANCISCO;31406438;TOMAS GARCIA PEREZ;MIGUEL ANGEL CAMAJê CABRERA;DIVERSIFICADO;PRIVADO;URBANA;CERRADA TEMPORALMENTE;BILINGUE;NOCTURNA;DIARIO(REGULAR);QUICHè;;
14-10-0079-46;;14-013;QUICHE;CUNEN;"COLEGIO MIXTO BILINGÉE INTERCULTURAL ""HERMANO OSCAR AZMITIA""";BARRRIO SAN FRANCISCO;77555208;TOMAS GARCIA PEREZ;MIGUEL ANGEL CAMAJê CABRERA;DIVERSIFICADO;PRIVADO;URBANA;CERRADA DEFINITIVAMENTE;BILINGUE;NOCTURNA;DIARIO(REGULAR);QUICHè;;
14-10-0092-46;;14-013;QUICHE;CUNEN;"COLEGIO MIXTO BILINGÉE INTERCULTURAL"" HERMANO OSCAR AZMITIA";AREA URBANA;77555208;TOMAS GARCIA PEREZ;MIGUEL ANGEL CAMAJê CABRERA;DIVERSIFICADO;PRIVADO;URBANA;CERRADA TEMPORALMENTE;BILINGUE;NOCTURNA;DIARIO(REGULAR);QUICHè;;
14-10-0102-46;;14-10-0832;QUICHE;CUNEN;"COLEGIO MIXTO BILINGUE INTERCULTURAL ""HERMANO OSCAR AZMITIA""";BARRIO SAN FRANCISCO;77555208;ELMER AROLDO HERNêNDEZ SALAZAR;MIGUEL ANGEL CAMAJê CABRERA;DIVERSIFICADO;PRIVADO;URBANA;ABIERTA;BILINGUE;NOCTURNA;DIARIO(REGULAR);QUICHè;;
14-10-0103-46;;14-10-0832;QUICHE;CUNEN;LICEO TECNOLÆGICO PREUNIVERSITARIO CUNèN;BARRIO SAN FRANCISCO;45857228;ELMER AROLDO HERNêNDEZ SALAZAR;DOMINGO PèREZ Y PèREZ;DIVERSIFICADO;PRIVADO;URBANA;ABIERTA;MONOLINGUE;VESPERTINA;DIARIO(REGULAR);QUICHè;;
14-10-0107-46;;14-013;QUICHE;CUNEN;"COLEGIO MIXTO BILINGÉE INTERCULTURAL ""HERMANO OSCAR AZMITIA""";BARRIO SAN FRANCISCO;31406438;TOMAS GARCIA PEREZ;MIGUEL ANGEL CAMAJê CABRERA;DIVERSIFICADO;PRIVADO;URBANA;ABIERTA;BILINGUE;SIN JORNADA;SEMIPRESENCIAL (FIN DE SEMANA);QUICHè;;
14-10-4571-46;;14-10-0832;QUICHE;CUNEN;"COLEGIO MIXTO BILINGUE INTERCULTURAL ""HERMANO OSCAR AZMITIA""";BARRIO SAN FRANCISCO;31406438;ELMER AROLDO HERNêNDEZ SALAZAR;MIGUEL ANGEL CAMAJê CABRERA;DIVERSIFICADO;PRIVADO;URBANA;ABIERTA;BILINGUE;VESPERTINA;DIARIO(REGULAR);QUICHè;;
14-11-0043-46;;14-015;QUICHE;SAN JUAN COTZAL;COLEGIO TECNOLOGICO INTEGRAL IBOAC;CANTON TIXAXCAP;51287718;BAYRON ROLANDO VILLATORO NORIEGA;NICOLêS DAVID RODRëGUEZ AVILES;DIVERSIFICADO;PRIVADO;URBANA;CERRADA TEMPORALMENTE;MONOLINGUE;VESPERTINA;DIARIO(REGULAR);QUICHè;;
14-11-0045-46;;14-015;QUICHE;SAN JUAN COTZAL;INSTITUTO MUNICIPAL DE EDUCACION BêSICA Y BACHILLERATO POR MADUREZ SAN JUAN;CANTÆN TUCORAL;30859909;BAYRON ROLANDO VILLATORO NORIEGA;DOMINGO TEÆFILO TOMA LÆPEZ;DIVERSIFICADO;MUNICIPAL;URBANA;CERRADA DEFINITIVAMENTE;MONOLINGUE;DOBLE;FIN DE SEMANA;QUICHè;;
14-11-0048-46;;14-015;QUICHE;SAN JUAN COTZAL;"INSTITUTO MUNICIPAL DE EDUCACIÆN BêSICA Y BACHILLERATO POR MADUREZ ""SAN JUAN""";CANTÆN TUCORAL;45289107;BAYRON ROLANDO VILLATORO NORIEGA;TOMAS AGUILAR CHAMAY;DIVERSIFICADO;MUNICIPAL;RURAL;CERRADA DEFINITIVAMENTE;MONOLINGUE;DOBLE;FIN DE SEMANA;QUICHè;;
14-11-0059-46;;14-11-0835;QUICHE;SAN JUAN COTZAL;"INSTITUTO MUNICIPAL DE EDUCACIÆN BêSICA Y BACHILLERATO POR MADUREZ ""SAN JUAN""";CANTÆN VIACAAN;51847438;BAYRON ROLANDO;ENRIQUE BRITO PASTOR;DIVERSIFICADO;PRIVADO;URBANA;ABIERTA;MONOLINGUE;SIN JORNADA;SEMIPRESENCIAL (FIN DE SEMANA);QUICHè;;
14-11-0068-46;;14-11-0836;QUICHE;SAN JUAN COTZAL;COLEGIO EVANGèLICO HOREB;CANTÆN VATZOSINAY;46329643;DIEGO DE LA CRUZ PèREZ;TABITA JUANA TOMA DE LA CRUZ;DIVERSIFICADO;PRIVADO;RURAL;ABIERTA;BILINGUE;VESPERTINA;DIARIO(REGULAR);QUICHè;;
14-11-0071-46;;14-11-0835;QUICHE;SAN JUAN COTZAL;COLEGIO CRISTIANO NICOLêS;CASERëO CHACALê;30355886;BAYRON ROLANDO;PETRONILA ELIZABETH RAMOS;DIVERSIFICADO;PRIVADO;RURAL;ABIERTA;MONOLINGUE;DOBLE;DIARIO(REGULAR);QUICHè;;
14-11-0072-46;;14-11-0835;QUICHE;SAN JUAN COTZAL;INED INSTITUTO NACIONAL DE EDUCACIÆN DIVERSIFICADA;ALDEA SANTA AVELINA;51630697;BAYRON ROLANDO;;DIVERSIFICADO;OFICIAL;RURAL;ABIERTA;MONOLINGUE;VESPERTINA;DIARIO(REGULAR);QUICHè;;
14-11-0073-46;;14-11-0835;QUICHE;SAN JUAN COTZAL;INED INSTITUTO NACIONAL DE EDUCACIÆN DIVERSIFICADA;ALDEA TIXELAP;51881444;BAYRON ROLANDO;;DIVERSIFICADO;OFICIAL;RURAL;ABIERTA;MONOLINGUE;VESPERTINA;DIARIO(REGULAR);QUICHè;;
14-11-5000-46;;14-11-0836;QUICHE;SAN JUAN COTZAL;INSTITUTO NORMAL MIXTO DIVERSIFICADO POR COOPERATIVA;CANTON TUCORAL;31105132;DIEGO DE LA CRUZ PèREZ;SALVADOR ESCOBAR VELASCO;DIVERSIFICADO;COOPERATIVA;URBANA;ABIERTA;MONOLINGUE;VESPERTINA;DIARIO(REGULAR);QUICHè;;
14-12-0058-46;;14-039;QUICHE;JOYABAJ;"COLEGIO EVANGELICO METODISTA ""BEREA""";LOTIFICACION LOS ROBLES;50484996;ANA ESTER URIZAR GIL DE VILLATORO;ARSENIA MARISOL JIMèNEZ HERRERA;DIVERSIFICADO;PRIVADO;URBANA;CERRADA TEMPORALMENTE;MONOLINGUE;MATUTINA;DIARIO(REGULAR);QUICHè;;
14-12-0059-46;;14-12-0839;QUICHE;JOYABAJ;INSTITUTO TECNOLOGICO DE ESTUDIOS AVANZADOS JOYABAJ;BARRIO LA DEMOCRACIA;42169753;ANA ESTER URIZAR GIL;EDGAR LEONEL CABRERA MèNDEZ;DIVERSIFICADO;PRIVADO;URBANA;ABIERTA;MONOLINGUE;VESPERTINA;DIARIO(REGULAR);QUICHè;;
14-12-0083-46;;14-048;QUICHE;JOYABAJ;INSTITUTO PRIVADO MIXTO JOYABAJ;BARRIO LA LIBERTAD;54828583;BEVERLY EMILY RAMOS OGêLDEZ DE QUEZADA;EUBELIO AROLDO SOTO SANTOS;DIVERSIFICADO;PRIVADO;URBANA;CERRADA TEMPORALMENTE;MONOLINGUE;MATUTINA;DIARIO(REGULAR);QUICHè;;
14-12-0106-46;;14-12-0838;QUICHE;JOYABAJ;INSTITUTO DIVERSIFICADO POR COOPERATIVA FLORENCIO CARRASCOZA;BARRIO LA LIBERTAD;30441452;ARNOLDO RANFERë LÆPEZ GALINDO;YOONG HêRIM ESTRADA URëZAR;DIVERSIFICADO;COOPERATIVA;URBANA;ABIERTA;BILINGUE;VESPERTINA;DIARIO(REGULAR);QUICHè;;
14-12-0113-46;;14-12-0840;QUICHE;JOYABAJ;INSTITUTO NACIONAL DE EDUCACIÆN DIVERSIFICADA;CASERëO LOS LLANOS;40498548;BEVERLY EMILY RAMOS OGêLDEZ DE QUEZADA;LUCINDA AJANEL TOJ;DIVERSIFICADO;OFICIAL;RURAL;ABIERTA;MONOLINGUE;VESPERTINA;DIARIO(REGULAR);QUICHè;;
14-12-0122-46;;14-048;QUICHE;JOYABAJ;"LICEO PRIVADO ""SANTA MARëA""";BARRIO LA LIBERTAD;59353501;BEVERLY EMILY RAMOS OGêLDEZ DE QUEZADA;EUBELIO AROLDO SOTO SANTOS;DIVERSIFICADO;PRIVADO;URBANA;CERRADA TEMPORALMENTE;MONOLINGUE;DOBLE;FIN DE SEMANA;QUICHè;;
14-12-0125-46;;14-048;QUICHE;JOYABAJ;"LICEO PRIVADO ""SANTA MARIA""";BARRIO LA LIBERTAD;54828583;BEVERLY EMILY RAMOS OGêLDEZ DE QUEZADA;EUBELIO AROLDO SOTO SANTOS;DIVERSIFICADO;PRIVADO;URBANA;CERRADA DEFINITIVAMENTE;MONOLINGUE;DOBLE;FIN DE SEMANA;QUICHè;;
14-12-0133-46;;14-12-0839;QUICHE;JOYABAJ;CENTRO DE EDUCACIÆN EXTRAESCOLAR -CEEX-;BARRIO LA LIBERTAD;57846833;ANA ESTER URIZAR GIL;KEVIN RONAL MEDRANO LAINES;DIVERSIFICADO;OFICIAL;URBANA;ABIERTA;MONOLINGUE;VESPERTINA;DIARIO(REGULAR);QUICHè;;
14-12-0136-46;;14-12-0842;QUICHE;JOYABAJ;"LICEO PRIVADO ""SANTA MARëA""";BARRIO LA LIBERTAD;54828583;NEIVA MISHEL GIL SICAL;EUBELIO AROLDO SOTO SANTOS;DIVERSIFICADO;PRIVADO;URBANA;ABIERTA;MONOLINGUE;SIN JORNADA;SEMIPRESENCIAL (UN DëA A LA SEMANA);QUICHè;;
14-12-0162-46;;14-039;QUICHE;JOYABAJ;INED INSTITUTO NACIONAL DE EDUCACIÆN DIVERSIFICADA;BARRIO LA LIBERTAD;51942425;ANA ESTER URIZAR GIL DE VILLATORO;;DIVERSIFICADO;OFICIAL;URBANA;ABIERTA;MONOLINGUE;VESPERTINA;DIARIO(REGULAR);QUICHè;;
14-12-0164-46;;14-016;QUICHE;JOYABAJ;INED INSTITUTO NACIONAL DE EDUCACION DIVERSIFICADA;ALDEA LA ESTANZUELA;40710555;JORGE MISAEL RAMOS PEREZ;;DIVERSIFICADO;OFICIAL;RURAL;ABIERTA;MONOLINGUE;VESPERTINA;DIARIO(REGULAR);QUICHè;;
14-12-0501-46;;14-12-0837;QUICHE;JOYABAJ;ESCUELA PARTICULAR MIXTA JOYABATECA DE CIENCIAS COMERCIALES;BARRIO CENTRAL;77559379;JORGE MISAEL RAMOS PEREZ;PEDRO JAIRO ELIZARDO GARCëA GUTIERREZ;DIVERSIFICADO;PRIVADO;URBANA;ABIERTA;MONOLINGUE;VESPERTINA;DIARIO(REGULAR);QUICHè;;
14-12-0955-46;;14-048;QUICHE;JOYABAJ;LICEO PRIVADO SANTA MARIA;BARRIO LA LIBERTAD;59353501;BEVERLY EMILY RAMOS OGêLDEZ DE QUEZADA;;DIVERSIFICADO;PRIVADO;URBANA;CERRADA DEFINITIVAMENTE;MONOLINGUE;MATUTINA;SABATINO;QUICHè;;
14-12-1093-46;;14-048;QUICHE;JOYABAJ;INSTITUTO PRIVADO MIXTO JOYABAJ;BARRIO LA LIBERTAD;59353501;BEVERLY EMILY RAMOS OGêLDEZ DE QUEZADA;EUBELIO AROLDO SOTO SANTOS;DIVERSIFICADO;PRIVADO;URBANA;CERRADA TEMPORALMENTE;MONOLINGUE;VESPERTINA;DIARIO(REGULAR);QUICHè;;
14-13-0001-46;;14-049;QUICHE;NEBAJ;CENTRO DE ESTUDIOS AVANZADOS P & C;3A. AV. 10-30 ZONA 5;77560014;HUGO LEONEL BLANCO AGUILAR;ENRIQUE POL SAQUIC;DIVERSIFICADO;PRIVADO;URBANA;CERRADA TEMPORALMENTE;MONOLINGUE;MATUTINA;DIARIO(REGULAR);QUICHè;;
14-13-0068-46;;14-13-0844;QUICHE;NEBAJ;INSTITUTO NACIONAL DE EDUCACION DIVERSIFICADA;CANTON VICOTZ;31759131;HUGO LEONEL BLANCO AGUILAR;PEDRO LEONCIO SêNCHEZ CHEL;DIVERSIFICADO;OFICIAL;URBANA;ABIERTA;MONOLINGUE;VESPERTINA;DIARIO(REGULAR);QUICHè;;
14-13-0095-46;;14-019;QUICHE;NEBAJ;"COLEGIO PRIVADO MIXTO ""JESUS RUANO MORENO""";CANTON XOLACUL;30839684;DIEGO AMADO GUZMêN GUZARO;JESÖS BRITO RAYMUNDO;DIVERSIFICADO;PRIVADO;URBANA;CERRADA TEMPORALMENTE;BILINGUE;VESPERTINA;DIARIO(REGULAR);QUICHè;;
14-13-0100-46;;14-13-0846;QUICHE;NEBAJ;CENTRO DE EDUCACION MIXTO DE DIVERSIFICADO IXIL -CEMDI-;ALDEA SALQUIL GRANDE;46415714;FERNANDO PEDRO LÆPEZ DE LEÆN;CARLOS ENRIQUE GARCëA COBO;DIVERSIFICADO;PRIVADO;RURAL;ABIERTA;MONOLINGUE;VESPERTINA;DIARIO(REGULAR);QUICHè;;
14-13-0114-46;;14-041;QUICHE;NEBAJ;COLEGIO CRISTIANO NICOLêS;CASERëO VIKOLê, ALDEA RIO AZUL;30355886;MIGUEL CHEL CORIO;PETRONILA ELIZABETH RAMOS;DIVERSIFICADO;PRIVADO;URBANA;ABIERTA;MONOLINGUE;MATUTINA;DIARIO(REGULAR);QUICHè;;
14-13-0118-46;;14-019;QUICHE;NEBAJ;"COLEGIO PRIVADO MIXTO ""JESÖS RUANO MORENO""";CANTÆN XOLACUL;30839684;DIEGO AMADO GUZMêN GUZARO;JESÖS BRITO RAYMUNDO;DIVERSIFICADO;PRIVADO;URBANA;CERRADA TEMPORALMENTE;MONOLINGUE;DOBLE;FIN DE SEMANA;QUICHè;;
14-13-0120-46;;14-049;QUICHE;NEBAJ;INSTITUTO NACIONAL DE EDUCACIÆN DIVERSIFICADA;CANTÆN VICOTZ;49371982;HUGO LEONEL BLANCO AGUILAR;JACINTA FEDERICA PèREZ VELêSCO;DIVERSIFICADO;OFICIAL;URBANA;CERRADA TEMPORALMENTE;MONOLINGUE;DOBLE;DIARIO(REGULAR);QUICHè;;
14-13-0121-46;;14-13-0844;QUICHE;NEBAJ;"ESCUELA MOVIMIENTO JUVENIL DE INTEGRACIÆN POPULAR ""MIJUVE"" POR COOPIXIL R.L.";CANTÆN XOLACUL;30787188;HUGO LEONEL BLANCO AGUILAR;DALILA CATARINA RAYMUNDO RAYMUNDO;DIVERSIFICADO;PRIVADO;RURAL;ABIERTA;MONOLINGUE;MATUTINA;DIARIO(REGULAR);QUICHè;;
14-13-0123-46;;14-018;QUICHE;NEBAJ;ESCUELA NORMAL BILINGÉE INTERCULTURAL IXIL, CHUSBÇAL TU YOLBÇAL ITUXH MAM KUKÇUY, OXLAVAL TXÇIIÇ;CANTÆN XOLACUL ZONA 3;30839684;SANTOS REYES DE PAZ CRUZ;RUTILA CHêVEZ CEDILLO;DIVERSIFICADO;OFICIAL;RURAL;CERRADA TEMPORALMENTE;BILINGUE;DOBLE;DIARIO(REGULAR);QUICHè;;
14-13-0124-46;;14-041;QUICHE;NEBAJ;CENTRO DE ESTUDIOS INTEGRADOS TECNÆLOGICO NEBAJ;CANTÆN BATZBACê;30049885;MIGUEL CHEL CORIO;DIEGO CHêVEZ GUZARO;DIVERSIFICADO;PRIVADO;URBANA;ABIERTA;MONOLINGUE;DOBLE;DIARIO(REGULAR);QUICHè;;
14-13-0125-46;;14-037;QUICHE;NEBAJ;CENTRO OFICIAL DE EDUCACIÆN EXTRAESCOLAR -CEEX-;CANTÆN SIMOCOL;45621316;ANGELINA LUX MENDOZA DE PUAC;MIGUEL DANIEL COBO CETO;DIVERSIFICADO;OFICIAL;RURAL;CERRADA TEMPORALMENTE;MONOLINGUE;DOBLE;FIN DE SEMANA;QUICHè;;
14-13-0126-46;;14-13-0844;QUICHE;NEBAJ;CENTRO DE EDUCACIÆN EXTRAESCOLAR -CEEX-;MERCADO DE ARTESANëAS;40490042;HUGO LEONEL BLANCO AGUILAR;VILMA RAMëREZ RAYMUNDO;DIVERSIFICADO;OFICIAL;URBANA;ABIERTA;MONOLINGUE;DOBLE;FIN DE SEMANA;QUICHè;;
14-13-0127-46;;14-037;QUICHE;NEBAJ;CENTRO OFICIAL DE EDUCACIÆN EXTRAESCOLAR -COEEX-;CANTÆN SIMOCOL;45621316;ANGELINA LUX MENDOZA DE PUAC;MIGUEL DANIEL COBO CETO;DIVERSIFICADO;OFICIAL;RURAL;CERRADA TEMPORALMENTE;MONOLINGUE;DOBLE;FIN DE SEMANA;QUICHè;;
14-13-0135-46;;14-020;QUICHE;NEBAJ;INSTITUTO MIXTO DIVERSIFICADO IXIL;CANTON SIMOCOL;77558103;FELIX GASPAR CEDILLO CETO;TOMêS DE PAZ PèREZ;DIVERSIFICADO;PRIVADO;URBANA;CERRADA TEMPORALMENTE;MONOLINGUE;DOBLE;DIARIO(REGULAR);QUICHè;;
14-13-0149-46;;14-13-0846;QUICHE;NEBAJ;INED INSTITUTO NACIONAL DE EDUCACIÆN DIVERSIFICADA;ALDEA SALQUIL GRANDE;;FERNANDO PEDRO LÆPEZ DE LEÆN;;DIVERSIFICADO;OFICIAL;RURAL;ABIERTA;MONOLINGUE;VESPERTINA;DIARIO(REGULAR);QUICHè;;
14-13-0150-46;;14-13-0848;QUICHE;NEBAJ;INED INSTITUTO NACIONAL DE EDUCACIÆN DIVERSIFICADA;ALDEA SUMAL CHIQUITO;32482306;BALTAZAR RAYMUNDO CHêVEZ;DALILA CATARINA RAYMUNDO RAYMUNDO;DIVERSIFICADO;OFICIAL;RURAL;ABIERTA;MONOLINGUE;VESPERTINA;DIARIO(REGULAR);QUICHè;;
14-13-0151-46;;14-13-0847;QUICHE;NEBAJ;INED INSTITUTO NACIONAL DE EDUCACIÆN DIVERSIFICADA;ALDEA VICALAMê;40670964;FELIX GASPAR CEDILLO CETO;;DIVERSIFICADO;OFICIAL;RURAL;ABIERTA;MONOLINGUE;VESPERTINA;DIARIO(REGULAR);QUICHè;;
14-13-0154-46;;14-13-0848;QUICHE;NEBAJ;INED INSTITUTO NACIONAL DE EDUCACIÆN DIVERSIFICADA;ALDEA LAS PILAS;48754974;BALTAZAR RAYMUNDO CHêVEZ;;DIVERSIFICADO;OFICIAL;RURAL;ABIERTA;MONOLINGUE;VESPERTINA;DIARIO(REGULAR);QUICHè;;
14-13-0956-46;;14-036;QUICHE;NEBAJ;INSTITUTO PRIVADO MIXTO DE EDUCACION DIVERSIFICADA 'JESUS RUANO MORENO';CANTON XOLACUL;77560020;JORGE HUMBERTO MOTTA CANO;;DIVERSIFICADO;PRIVADO;URBANA;CERRADA TEMPORALMENTE;MONOLINGUE;VESPERTINA;DIARIO(REGULAR);QUICHè;;
14-13-1096-46;;;QUICHE;NEBAJ;EORM;ALDEA XECOTZ;;;;DIVERSIFICADO;OFICIAL;RURAL;CERRADA TEMPORALMENTE;MONOLINGUE;MATUTINA;DIARIO(REGULAR);QUICHè;;
14-13-4572-46;;14-13-0843;QUICHE;NEBAJ;INSTITUTO MIXTO DIVERSIFICADO IXIL;CANTON SIMOCOL;77558103;SANTOS REYES DE PêZ CRÖZ;TOMêS DE PAZ PèREZ;DIVERSIFICADO;PRIVADO;URBANA;ABIERTA;MONOLINGUE;VESPERTINA;DIARIO(REGULAR);QUICHè;;
14-13-5279-46;;14-13-0843;QUICHE;NEBAJ;COLEGIO PRIVADO MIXTO MOLINA CASTILLO;CABECERA MUNICIPAL;50939694;SANTOS REYES DE PêZ CRÖZ;JULIO FABIêN ABAC DE LEÆN;DIVERSIFICADO;PRIVADO;URBANA;ABIERTA;MONOLINGUE;MATUTINA;DIARIO(REGULAR);QUICHè;;
14-13-5422-46;;14-13-0843;QUICHE;NEBAJ;ESCUELA NORMAL BILINGÉE INTERCULTURAL IXIL, CHUSBÇAL TU YOLBÇAL ITUXH MAM KUKÇUY, OXLAVAL TXÇIIÇ;CANTON XOLACUL ZONA 3;33167813;SANTOS REYES DE PêZ CRÖZ;RUTILA CHêVEZ CEDILLO;DIVERSIFICADO;OFICIAL;RURAL;ABIERTA;BILINGUE;MATUTINA;DIARIO(REGULAR);QUICHè;;
14-13-5489-46;;14-018;QUICHE;NEBAJ;COLEGIO EVANGELICO MIXTO BETHANIA;CANTON JACTZAL;51402302;SANTOS REYES DE PAZ CRUZ;JOSè SANTIAGO SOLëS;DIVERSIFICADO;PRIVADO;URBANA;CERRADA TEMPORALMENTE;MONOLINGUE;VESPERTINA;DIARIO(REGULAR);QUICHè;;
14-13-5665-46;;14-13-0843;QUICHE;NEBAJ;CENTRO DE ESTUDIOS INTEGRADOS TECNOLOGICO NEBAJ;CABECERA MUNICIPAL;30049885;SANTOS REYES DE PêZ CRÖZ;DIEGO CHêVEZ GUZARO;DIVERSIFICADO;PRIVADO;RURAL;ABIERTA;MONOLINGUE;VESPERTINA;DIARIO(REGULAR);QUICHè;;
14-13-6090-46;;14-036;QUICHE;NEBAJ;CENTRO DE ESTUDIOS AVANZADOS P&C;3A. AV. 10-30 ZONA 5;77560133;JORGE HUMBERTO MOTTA CANO;;DIVERSIFICADO;PRIVADO;URBANA;CERRADA TEMPORALMENTE;MONOLINGUE;INTERMEDIA;DIARIO(REGULAR);QUICHè;;
14-14-0024-46;;14-14-0850;QUICHE;SAN ANDRES SAJCABAJA;INSTITUTO NACIONAL DE EDUCACION DIVERSIFICADA;7A. AVENIDA 3-211 ZONA 4;33390301;MILITZA NOELIA MORALES DE LEÆN;JOèL HERNêNDEZ AMPEREZ;DIVERSIFICADO;OFICIAL;URBANA;ABIERTA;MONOLINGUE;VESPERTINA;DIARIO(REGULAR);QUICHè;;
14-14-0040-46;;14-14-0852;QUICHE;SAN ANDRES SAJCABAJA;INSTITUTO NORMAL MIXTO SAN ANDRES;1RA. AV. 2-27 ZONA 1;59712633;MARIO DANIEL CABRERA ALVAREZ;FLOR DE MARIA URIZAR SALAZAR;DIVERSIFICADO;PRIVADO;URBANA;ABIERTA;BILINGUE;MATUTINA;DIARIO(REGULAR);QUICHè;;
14-14-0063-46;;14-14-0852;QUICHE;SAN ANDRES SAJCABAJA;"INSTITUTO NORMAL MIXTO ""SAN ANDRèS""";1RA. AVENIDA 2-27, ZONA 1;59712633;MARIO DANIEL CABRERA ALVAREZ;FELIPE VILLATORO MENENDEZ;DIVERSIFICADO;PRIVADO;URBANA;ABIERTA;MONOLINGUE;DOBLE;FIN DE SEMANA;QUICHè;;
14-14-0070-46;;14-14-0850;QUICHE;SAN ANDRES SAJCABAJA;CENTRO OFICIAL DE EDUCACIÆN EXTRAESCOLAR -COEEX-;8A. AV. 1-29 ZONA 1;32864363;MILITZA NOELIA MORALES DE LEÆN;ROSALINA HERNêNDEZ AMPEREZ;DIVERSIFICADO;OFICIAL;URBANA;ABIERTA;MONOLINGUE;DOBLE;FIN DE SEMANA;QUICHè;;
14-14-0083-46;;14-14-0850;QUICHE;SAN ANDRES SAJCABAJA;LICEO CRISTIANO GENERACIÆN CON PROPOSITO SANTO (GPS);7A. AVENIDA 2-24 ZONA 4;40378023;MILITZA NOELIA MORALES DE LEÆN;MAYRA GUDELIZ GALINDO MORALES;DIVERSIFICADO;PRIVADO;URBANA;ABIERTA;MONOLINGUE;VESPERTINA;DIARIO(REGULAR);QUICHè;;
14-14-0085-46;;14-14-0849;QUICHE;SAN ANDRES SAJCABAJA;COLEGIO ITALIANO;1A. AVENIDA 3-10 ZONA 4;41594407;CARMEN ADêN PèREZ RODRëGUEZ;JUAN CARLOS CHACH VENTURA;DIVERSIFICADO;PRIVADO;URBANA;ABIERTA;MONOLINGUE;VESPERTINA;DIARIO(REGULAR);QUICHè;;
14-14-5492-46;;14-14-0852;QUICHE;SAN ANDRES SAJCABAJA;INSTITUTO NORMAL MIXTO SAN ANDRES;1A. AV. 2-27 ZONA 1;59712633;MARIO DANIEL CABRERA ALVAREZ;FLOR DE MARIA URIZAR SALAZAR;DIVERSIFICADO;PRIVADO;URBANA;ABIERTA;MONOLINGUE;VESPERTINA;DIARIO(REGULAR);QUICHè;;
14-15-0103-46;;14-15-0854;QUICHE;SAN MIGUEL USPANTAN;INSTITUTO NACIONAL DE EDUCACION DIVERSIFICADA;ALDEA SAQUIXPEC;49006911;ROLANDO NOEL ALFARO BARRIOS;ANGEL TIPAZ JUAREZ;DIVERSIFICADO;OFICIAL;RURAL;ABIERTA;MONOLINGUE;VESPERTINA;DIARIO(REGULAR);QUICHè;;
14-15-0104-46;;14-045;QUICHE;SAN MIGUEL USPANTAN;INSTITUTO NACIONAL DE EDUCACION DIVERSIFICADA;ALDEA SAN ANTONIO LA NUEVA ESPERANZA;;CELESTINO COY MACZ;---;DIVERSIFICADO;OFICIAL;RURAL;CERRADA TEMPORALMENTE;MONOLINGUE;VESPERTINA;DIARIO(REGULAR);QUICHè;;
14-15-0175-46;;14-036;QUICHE;SAN MIGUEL USPANTAN;"COLEGIO EVANGELICO METODISTA ""JOHN WESLEY""";6A. AVENIDA 6-02 ZONA 2;77563692;JORGE HUMBERTO MOTTA CANO;FAUSTO GILBERTO NATARENO LOPEZ;DIVERSIFICADO;PRIVADO;URBANA;CERRADA DEFINITIVAMENTE;MONOLINGUE;VESPERTINA;DIARIO(REGULAR);QUICHè;;
14-15-0214-46;;14-15-0854;QUICHE;SAN MIGUEL USPANTAN;INSTITUTO MIXTO DE EDUCACION DIVERSIFICADA POR COOPERATIVA MARIO DEL VALLE;ALDEA LANCETILLO LA PARROQUIA;49006911;ROLANDO NOEL ALFARO BARRIOS;ANGEL TIPAZ JUAREZ;DIVERSIFICADO;COOPERATIVA;RURAL;ABIERTA;BILINGUE;VESPERTINA;DIARIO(REGULAR);QUICHè;;
14-15-0215-46;;14-15-0859;QUICHE;SAN MIGUEL USPANTAN;LICEO MIXTO SAN MIGUEL;6A. AVENIDA 6-09 ZONA 4;45054092;FèLIX AZAèL HERRERA DëAZ;JUAN VENTURA SOC;DIVERSIFICADO;PRIVADO;URBANA;ABIERTA;MONOLINGUE;DOBLE;FIN DE SEMANA;QUICHè;;
14-15-0217-46;;14-15-0859;QUICHE;SAN MIGUEL USPANTAN;LICEO MIXTO SAN MIGUEL;SAN MIGUEL USPANTAN;79518102;FèLIX AZAèL HERRERA DëAZ;JUAN VENTURA SOC;DIVERSIFICADO;PRIVADO;URBANA;ABIERTA;MONOLINGUE;DOBLE;FIN DE SEMANA;QUICHè;;
14-15-0220-46;;14-15-0856;QUICHE;SAN MIGUEL USPANTAN;INSTITUTO MIXTO DE EDUCACIÆN DIVERSIFICADA POR COOPERATIVA DE ENSEîANZA;ALDEA SAN ANTONIO LA NUEVA ESPERANZA;51983701;LORENZO CUC CHÆC;MARIANO HERNANDEZ PASTOR;DIVERSIFICADO;COOPERATIVA;RURAL;ABIERTA;MONOLINGUE;VESPERTINA;DIARIO(REGULAR);QUICHè;;
14-15-0232-46;;14-024;QUICHE;SAN MIGUEL USPANTAN;INSTITUTO MUNICIPAL DE MAGISTERIO BILINGÉE INTERCULTURAL USPANTEKO;USPANTAN;30510281;MANUEL LOPEZ CHIVALAN;ELVIA MARLENI AVILA TELLO;DIVERSIFICADO;PRIVADO;URBANA;CERRADA DEFINITIVAMENTE;MONOLINGUE;MATUTINA;DIARIO(REGULAR);QUICHè;;
14-15-0234-46;;14-023;QUICHE;SAN MIGUEL USPANTAN;INSTITUTO TèCNICO MAYA EN RECURSOS NATURALES;BARRIO EL BORDITO;41453127;JOSè OSWALDO VêSQUEZ AJIATAZ;DELIA MARISOL SARAT PINULA;DIVERSIFICADO;PRIVADO;RURAL;CERRADA DEFINITIVAMENTE;MONOLINGUE;DOBLE;DIARIO(REGULAR);QUICHè;;
14-15-0235-46;;14-024;QUICHE;SAN MIGUEL USPANTAN;"COLEGIO EVANGèLICO METODISTA ""MARANATHA""";4A. AVENIDA 7A. CALLE ZONA 1;79518432;MANUEL LOPEZ CHIVALAN;RONY GAMALIEL RODAS GARCëA;DIVERSIFICADO;PRIVADO;URBANA;CERRADA TEMPORALMENTE;MONOLINGUE;VESPERTINA;DIARIO(REGULAR);QUICHè;;
14-15-0249-46;;14-15-0857;QUICHE;SAN MIGUEL USPANTAN;"COLEGIO EVANGèLICO METODISTA ""MARANATHA""";7A. AVENIDA Y 4A. CALLE ZONA 1;45970247;JOSè OSWALDO VêSQUEZ AJIATAZ;RONY GAMALIEL RODAS GARCëA;DIVERSIFICADO;PRIVADO;URBANA;ABIERTA;MONOLINGUE;VESPERTINA;DIARIO(REGULAR);QUICHè;;
14-15-0250-46;;14-15-0856;QUICHE;SAN MIGUEL USPANTAN;CENTRO EDUCATIVO PRIVADO TALITA KUMI;ALDEA CAMPAMAC;79629100;LORENZO CUC CHÆC;PABLO LOPEZ RAYMUNDO;DIVERSIFICADO;PRIVADO;RURAL;ABIERTA;MONOLINGUE;MATUTINA;DIARIO(REGULAR);QUICHè;;
14-15-0251-46;;14-15-0856;QUICHE;SAN MIGUEL USPANTAN;CENTRO EDUCATIVO PRIVADO TALITA KUMI;ALDEA CAMPAMAC;79515610;LORENZO CUC CHÆC;MARIO MAQUIM CHOC;DIVERSIFICADO;PRIVADO;RURAL;ABIERTA;MONOLINGUE;VESPERTINA;DIARIO(REGULAR);QUICHè;;
14-15-0258-46;;14-037;QUICHE;SAN MIGUEL USPANTAN;CENTRO OFICIAL DE EDUCACIÆN EXTRAESCOLAR -CEEX-;ALDEA SANTA ANA;49021207;ANGELINA LUX MENDOZA DE PUAC;EUCEBIO YAT CÖ;DIVERSIFICADO;OFICIAL;RURAL;CERRADA TEMPORALMENTE;MONOLINGUE;VESPERTINA;DIARIO(REGULAR);QUICHè;;
14-15-0259-46;;14-15-0857;QUICHE;SAN MIGUEL USPANTAN;CENTRO OFICIAL DE EDUCACIÆN EXTRAESCOLAR -CEEX-;7A. AVENIDA 6-31, ZONA 3;57682161;JOSè OSWALDO VêSQUEZ AJIATAZ;JUANA US CONTRERAS;DIVERSIFICADO;OFICIAL;URBANA;ABIERTA;BILINGUE;DOBLE;FIN DE SEMANA;QUICHè;;
14-15-0262-46;;14-15-0853;QUICHE;SAN MIGUEL USPANTAN;INSTITUTO DIVERSIFICADO POR COOPERATIVA DE ENSEîANZA;ALDEA EL PARAISO;40288243;GAUDENCIO SAQUë QUIP;SABINO SEP COC;DIVERSIFICADO;COOPERATIVA;RURAL;ABIERTA;MONOLINGUE;VESPERTINA;DIARIO(REGULAR);QUICHè;;
14-15-0264-46;;14-15-0859;QUICHE;SAN MIGUEL USPANTAN;"LICEO MIXTO ""SAN MIGUEL""";7A. CALLE-32 ZONA 1;79518102;FèLIX AZAèL HERRERA DëAZ;JUAN VENTURA SOC;DIVERSIFICADO;PRIVADO;URBANA;ABIERTA;MONOLINGUE;SIN JORNADA;SEMIPRESENCIAL (UN DëA A LA SEMANA);QUICHè;;
14-15-0281-46;;14-15-0856;QUICHE;SAN MIGUEL USPANTAN;INED INSTITUTO NACIONAL DE EDUCACIÆN DIVERSIFICADA;ALDEA LA TAîA;31242395;LORENZO CUC CHÆC;;DIVERSIFICADO;OFICIAL;RURAL;ABIERTA;MONOLINGUE;MATUTINA;DIARIO(REGULAR);QUICHè;;
14-15-0282-46;;14-15-0853;QUICHE;SAN MIGUEL USPANTAN;INED INSTITUTO NACIONAL DE EDUCACIÆN DIVERSIFICADA;ALDEA EL PARAISO;33218452;GAUDENCIO SAQUë QUIP;;DIVERSIFICADO;OFICIAL;RURAL;ABIERTA;MONOLINGUE;MATUTINA;DIARIO(REGULAR);QUICHè;;
14-15-0283-46;;14-15-0854;QUICHE;SAN MIGUEL USPANTAN;INED INSTITUTO NACIONAL DE EDUCACIÆN DIVERSIFICADA;ALDEA LANCETILLO LA PARROQUIA;31857359;ROLANDO NOEL ALFARO BARRIOS;;DIVERSIFICADO;OFICIAL;RURAL;ABIERTA;MONOLINGUE;VESPERTINA;DIARIO(REGULAR);QUICHè;;
14-15-0285-46;;14-15-0853;QUICHE;SAN MIGUEL USPANTAN;INED INSTITUTO NACIONAL DE EDUCACIÆN DIVERSIFICADA;ALDEA SAN MARCOS EL TRIUNFO;32538139;GAUDENCIO SAQUë QUIP;;DIVERSIFICADO;OFICIAL;RURAL;ABIERTA;MONOLINGUE;MATUTINA;DIARIO(REGULAR);QUICHè;;
14-15-0286-46;;14-15-0857;QUICHE;SAN MIGUEL USPANTAN;INED INSTITUTO NACIONAL DE EDUCACIÆN DIVERSIFICADA;7A. AVENIDA 6-31 ZONA 3;48805993;JOSè OSWALDO VêSQUEZ AJIATAZ;;DIVERSIFICADO;OFICIAL;URBANA;ABIERTA;MONOLINGUE;VESPERTINA;DIARIO(REGULAR);QUICHè;;
14-15-4573-46;;14-15-0858;QUICHE;SAN MIGUEL USPANTAN;INSTITUTO TECNICO MAYA EN RECURSOS NATURALES;BARRIO EL BORDITO;36575383;MANUEL LÆPEZ CHIVALêN;PATRICIA YOLANDA TÖM HERNêNDEZ;DIVERSIFICADO;PRIVADO;URBANA;ABIERTA;MONOLINGUE;DOBLE;DIARIO(REGULAR);QUICHè;;
14-15-5319-46;;14-15-0857;QUICHE;SAN MIGUEL USPANTAN;COLEGIO EVANGELICO METODISTA MARANATHA;4A. AVENIDA Y 7A. CALLE ZONA 1;79518432;JOSè OSWALDO VêSQUEZ AJIATAZ;RONY GAMALIEL RODAS GARCëA;DIVERSIFICADO;PRIVADO;URBANA;ABIERTA;MONOLINGUE;DOBLE;DIARIO(REGULAR);QUICHè;;
14-15-5412-46;;14-15-0858;QUICHE;SAN MIGUEL USPANTAN;INSTITUTO MUNICIPAL DE MAGISTERIO BILINGUE INTERCULTURAL USPANTEKO;4A. AVENIDA 3-36 ZONA 2;47906057;MANUEL LÆPEZ CHIVALêN;SAIDA MARLENY CANO GONZêLEZ;DIVERSIFICADO;MUNICIPAL;URBANA;ABIERTA;BILINGUE;VESPERTINA;DIARIO(REGULAR);QUICHè;;
14-15-6099-46;;14-15-0857;QUICHE;SAN MIGUEL USPANTAN;INSTITUTO TECNOLOGICO DE ESTUDIOS AVANZADOS USPANTAN;CABECERA MUNICIPAL;45054092;JOSè OSWALDO VêSQUEZ AJIATAZ;WALFRED GABRIEL GRANADOS RAMIREZ;DIVERSIFICADO;PRIVADO;URBANA;ABIERTA;MONOLINGUE;VESPERTINA;DIARIO(REGULAR);QUICHè;;
14-16-0093-46;;14-16-0863;QUICHE;SACAPULAS;INSTITUTO MUNICIPAL DE SACAPULAS -IMSAC-;CASERëO CHUPACAY;58808845;ASTRID SUGEIDY BARRIOS GÆMEZ;JOSè PèREZ ALVARADO;DIVERSIFICADO;PRIVADO;URBANA;ABIERTA;MONOLINGUE;VESPERTINA;DIARIO(REGULAR);QUICHè;;
14-16-0104-46;;14-16-0860;QUICHE;SACAPULAS;"COLEGIO MIXTO DIVERSIFICADO ""INTERCULTURAL""";ALDEA RëO BLANCO, ZONA 3;42579519;ARDANY HERMENEGILDO SANTOS ESCOBAR;FRANCISCO SALVADOR RAMëREZ;DIVERSIFICADO;PRIVADO;RURAL;ABIERTA;MONOLINGUE;VESPERTINA;DIARIO(REGULAR);QUICHè;;
14-16-0105-46;;14-16-0860;QUICHE;SACAPULAS;"COLEGIO MIXTO DIVERSIFICADO ""INTERCULTURAL""";ALDEA RëO BLANCO, ZONA 3;40852248;ARDANY HERMENEGILDO SANTOS ESCOBAR;FRANCISCO SALVADOR RAMëREZ;DIVERSIFICADO;PRIVADO;RURAL;ABIERTA;MONOLINGUE;DOBLE;FIN DE SEMANA;QUICHè;;
14-16-0107-46;;14-16-0860;QUICHE;SACAPULAS;INSTITUTO NACIONAL DE EDUCACIÆN DIVERSIFICADA;ALDEA RëO BLANCO;48530503;ARDANY HERMENEGILDO SANTOS ESCOBAR;JUAN LANCERIO RAMOS;DIVERSIFICADO;OFICIAL;RURAL;ABIERTA;MONOLINGUE;VESPERTINA;DIARIO(REGULAR);QUICHè;;
14-16-5259-46;;14-16-0863;QUICHE;SACAPULAS;LICEO SACAPULAS;CASERëO CHUPACAY;30166504;ASTRID SUGEIDY BARRIOS GÆMEZ;MATëAS HERIBERTO GÆMEZ ULUêN;DIVERSIFICADO;PRIVADO;URBANA;ABIERTA;BILINGUE;VESPERTINA;DIARIO(REGULAR);QUICHè;;
14-16-5260-46;;14-16-0863;QUICHE;SACAPULAS;COLEGIO PRIVADO MIXTO BILINGUE TUJAAL;BARRIO SAN SEBASTIAN;40217500;ASTRID SUGEIDY BARRIOS GÆMEZ;DAVID EDUARDO GALINDO GÆMEZ;DIVERSIFICADO;PRIVADO;URBANA;ABIERTA;MONOLINGUE;VESPERTINA;DIARIO(REGULAR);QUICHè;;
14-17-0031-46;;14-037;QUICHE;SAN BARTOLOME JOCOTENANGO;CENTRO OFICIAL DE EDUCACIÆN EXTRAESCOLAR -COEEX-;INEB, SAN BARTOLOMè JOCOTENANGO;46834305;ANGELINA LUX MENDOZA DE PUAC;OSCAR PACHECO LÆPEZ;DIVERSIFICADO;OFICIAL;URBANA;CERRADA TEMPORALMENTE;MONOLINGUE;DOBLE;A DISTANCIA;QUICHè;;
14-17-0081-46;;14-17-0866;QUICHE;SAN BARTOLOME JOCOTENANGO;INED INSTITUTO NACIONAL DE EDUCACIÆN DIVERSIFICADA;CENTRO DEL MUNICIPIO;58039176;JOSè ANIBAL XOTOY CALEL;;DIVERSIFICADO;OFICIAL;URBANA;ABIERTA;MONOLINGUE;VESPERTINA;DIARIO(REGULAR);QUICHè;;
14-18-0004-46;;14-18-0868;QUICHE;CANILLA;CENTRO EDUCATIVO PLURICULTURAL;4TA CALLE 3-25 ZONA 4;56299833;ROBINSON ALFREDO RAMÆN MORALES;YEISON RIGOBERTO ALONZO BLANCO;DIVERSIFICADO;PRIVADO;URBANA;ABIERTA;MONOLINGUE;VESPERTINA;DIARIO(REGULAR);QUICHè;;
14-18-0032-46;;14-029;QUICHE;CANILLA;"INSTITUTO PRIVADO DE EDUCACIÆN DIVERSIFICADO ""ADONAI""";CANILLê;30318848;YORJAN ALEXIS CRUZ MèNDEZ;EDGAR LEONEL SAMAYOA MORALES;DIVERSIFICADO;PRIVADO;URBANA;CERRADA TEMPORALMENTE;MONOLINGUE;MATUTINA;DIARIO(REGULAR);QUICHè;;
14-18-0038-46;;14-037;QUICHE;CANILLA;CENTRO DE EDUCACIÆN EXTRAESCOLAR -CEEX-;1A. AV. 5-31 ZONA 3;45680836;ANGELINA LUX MENDOZA DE PUAC;ELIEZER UZIAS RODRIGUEZ SICAL;DIVERSIFICADO;OFICIAL;URBANA;CERRADA TEMPORALMENTE;MONOLINGUE;MATUTINA;DIARIO(REGULAR);QUICHè;;
14-18-0041-46;;14-037;QUICHE;CANILLA;CENTRO OFICIAL DE EDUCACIÆN EXTRAESCOLAR -COEEX-;1A. AV. 5-31 ZONA 3;45020812;ANGELINA LUX MENDOZA DE PUAC;DAVID EULALIO MORALES CRUZ;DIVERSIFICADO;OFICIAL;URBANA;CERRADA TEMPORALMENTE;MONOLINGUE;DOBLE;FIN DE SEMANA;QUICHè;;
14-18-0055-46;;14-18-0868;QUICHE;CANILLA;INED INSTITUTO NACIONAL DE EDUCACIÆN DIVERSIFICADA;ALDEA CHIJOJ;45126603;ROBINSON ALFREDO RAMÆN MORALES;AHIEZER SUDIEL GONZALEZ QUEZADA;DIVERSIFICADO;OFICIAL;RURAL;ABIERTA;MONOLINGUE;VESPERTINA;DIARIO(REGULAR);QUICHè;;
14-18-5508-46;;14-18-0868;QUICHE;CANILLA;'INSTITUTO MUNICIPAL DE MAGISTERIO INTERCULTURAL';1A. AVENIDA 5-31 ZONA 3, CANILLA;31660169;ROBINSON ALFREDO RAMÆN MORALES;NORMA LETICIA GRAVE ZAPETA;DIVERSIFICADO;MUNICIPAL;URBANA;ABIERTA;MONOLINGUE;VESPERTINA;DIARIO(REGULAR);QUICHè;;
14-19-0055-46;;14-19-0869;QUICHE;CHICAMAN;INSTITUTO NACIONAL DE EDUCACION DIVERSIFICADA -INED-;BARRIO SAN PEDRO BELEJU, ALDEA BELEJU;40101472;CARLOS LEM CAC;ALBERTO XOIM CAêL;DIVERSIFICADO;OFICIAL;RURAL;ABIERTA;MONOLINGUE;VESPERTINA;DIARIO(REGULAR);QUICHè;;
14-19-0079-46;;14-030;QUICHE;CHICAMAN;INSTITUTO TECNOLÆGICO MUNICIPAL DE CHICAMêN;4A. AVENIDA 1-62 ZONA 1, CHICHICAMêN;45242098;JOSE ALBERTO HERNANDEZ GAMARRO;CECILIA ZADAHë GAMARRO ALVARADO;DIVERSIFICADO;MUNICIPAL;URBANA;CERRADA DEFINITIVAMENTE;MONOLINGUE;VESPERTINA;DIARIO(REGULAR);QUICHè;;
14-19-0081-46;;14-050;QUICHE;CHICAMAN;INSTITUTO MUNICIPAL DE EDUCACIÆN DIVERSIFICADA BELEJÖ;BARRIO SAN SEBASTIêN, ALDEA BELEJÖ;57512304;CARLOS LEM CAC;VëCTOR MANUEL JÆM SURêM;DIVERSIFICADO;PRIVADO;RURAL;CERRADA DEFINITIVAMENTE;MONOLINGUE;VESPERTINA;DIARIO(REGULAR);QUICHè;;
14-19-0084-46;;14-030;QUICHE;CHICAMAN;"""COLEGIO MIXTO CIENCIA Y DESARROLLO CHICAMêN""";3A. CALLE 3-30 ZONA 2;58878991;JOSE ALBERTO HERNANDEZ GAMARRO;WILSON SOBERANIZ SOTO;DIVERSIFICADO;PRIVADO;URBANA;CERRADA DEFINITIVAMENTE;MONOLINGUE;DOBLE;FIN DE SEMANA;QUICHè;;
14-19-0085-46;;14-19-0870;QUICHE;CHICAMAN;"""COLEGIO MIXTO CIENCIA Y DESARROLLO CHICAMêN""";3A. CALLE 3-30 ZONA 2;58878991;BENJAMëN ARNOLDO MIGUEL CALVA LOARCA;WILSON SOBERANIZ SOTO;DIVERSIFICADO;PRIVADO;URBANA;ABIERTA;MONOLINGUE;DOBLE;FIN DE SEMANA;QUICHè;;
14-19-0089-46;;14-050;QUICHE;CHICAMAN;"COLEGIO MULTILINGÉE INTERCULTURAL TECNOLÆGICO PAJUIL JUAN JOSè ARèVALO BERMEJO ""COMITEC-PAJUIL""";ALDEA PAJUIL;30305216;CARLOS LEM CAC;OSWALDO ICAL JOM;DIVERSIFICADO;PRIVADO;RURAL;CERRADA DEFINITIVAMENTE;BILINGUE;VESPERTINA;DIARIO(REGULAR);QUICHè;;
14-19-0097-46;;14-037;QUICHE;CHICAMAN;CENTRO OFICIAL DE EDUCACIÆN EXTRAESCOLAR -COEEX-;4A. AV- 1-62 ZONA 1;57971407;ANGELINA LUX MENDOZA DE PUAC;ALEXANDER SOBERêNIZ SOTO;DIVERSIFICADO;OFICIAL;URBANA;CERRADA TEMPORALMENTE;MONOLINGUE;DOBLE;FIN DE SEMANA;QUICHè;;
14-19-0099-46;;14-19-0870;QUICHE;CHICAMAN;COLEGIO MIXTO CIENCIA Y DESARROLLO CHICAMêN;3A.CALLE 3-30 ZONA 2;58878991;BENJAMëN ARNOLDO MIGUEL CALVA LOARCA;WILSON SOBERANIZ SOTO;DIVERSIFICADO;PRIVADO;URBANA;ABIERTA;MONOLINGUE;SIN JORNADA;SEMIPRESENCIAL (FIN DE SEMANA);QUICHè;;
14-19-0101-46;;14-19-0869;QUICHE;CHICAMAN;"INSTITUTO DIVERSIFICADO DE ESTUDIOS AVANZADOS POR COOPERATIVA ""IDEACOP-PAJUIL""";ALDEA PAJUIL;30636051;CARLOS LEM CAC;MARCO TULIO ICAL JÆM;DIVERSIFICADO;COOPERATIVA;RURAL;ABIERTA;BILINGUE;VESPERTINA;DIARIO(REGULAR);QUICHè;;
14-19-0108-46;;14-19-0869;QUICHE;CHICAMAN;INSTITUTO DE EDUCACIÆN DIVERSIFICADA POR COOPERATIVA DE ENSEîANZA;BARRIO SAN SEBASTIêN, ALDEA BELEJÖ;49170706;CARLOS LEM CAC;EDVIN AROLDO MORêN COLORADO;DIVERSIFICADO;COOPERATIVA;RURAL;ABIERTA;MONOLINGUE;VESPERTINA;DIARIO(REGULAR);QUICHè;;
14-19-0112-46;;14-19-0870;QUICHE;CHICAMAN;"""COLEGIO MIXTO CIENCIA Y DESARROLLO CHICAMêN""";3RA. CALLE 3-30 ZONA 2;57371407;BENJAMëN ARNOLDO MIGUEL CALVA LOARCA;ALEXANDER SOBERêNIZ SOTO;DIVERSIFICADO;PRIVADO;URBANA;ABIERTA;MONOLINGUE;MATUTINA;DIARIO(REGULAR);QUICHè;;
14-19-0113-46;;14-19-0871;QUICHE;CHICAMAN;INSTITUTO NACIONAL DE EDUCACIÆN DIVERSIFICADA;5A. CALLE (SALIDA A OJO DE AGUA CARRIZAL);53203193;ARACELY GENOVEVA CHITOP AGUARè;YACLEN SEIRIN JUêREZ GAMARRO;DIVERSIFICADO;OFICIAL;URBANA;ABIERTA;MONOLINGUE;MATUTINA;DIARIO(REGULAR);QUICHè;;
14-19-0116-46;;14-19-0869;QUICHE;CHICAMAN;INED INSTITUTO NACIONAL DE EDUCACIÆN DIVERSIFICADA;ALDEA LA CAMPANA;49817298;CARLOS LEM CAC;;DIVERSIFICADO;OFICIAL;RURAL;ABIERTA;MONOLINGUE;VESPERTINA;DIARIO(REGULAR);QUICHè;;
14-19-0117-46;;14-19-0873;QUICHE;CHICAMAN;INED INSTITUTO NACIONAL DE EDUCACION DIVERSIFICADA;ALDEA ROSARIO MONTE MARëA;31442388;JUAN BAUTISTA CÖ CHÆC;RUDY OTONIEL GUTIèRREZ ALVAREZ;DIVERSIFICADO;OFICIAL;RURAL;ABIERTA;MONOLINGUE;VESPERTINA;DIARIO(REGULAR);QUICHè;;
14-19-0120-46;;14-19-0873;QUICHE;CHICAMAN;INED INSTITUTO NACIONAL DE EDUCACIÆN DIVERSIFICADA;SAN RABINAC GRANDE;58098281;JUAN BAUTISTA CÖ CHÆC;;DIVERSIFICADO;OFICIAL;RURAL;ABIERTA;MONOLINGUE;VESPERTINA;DIARIO(REGULAR);QUICHè;;
14-19-0121-46;;14-19-0869;QUICHE;CHICAMAN;INED INSTITUTO NACIONAL DE EDUCACIÆN DIVERSIFICADA;ALDEA ESQUIPULAS PAJUIL;30305216;CARLOS LEM CAC;;DIVERSIFICADO;OFICIAL;RURAL;ABIERTA;MONOLINGUE;VESPERTINA;DIARIO(REGULAR);QUICHè;;
14-19-0122-46;;14-19-0872;QUICHE;CHICAMAN;INED INSTITUTO NACIONAL DE EDUCACIÆN DIVERSIFICADA;ALDEA EL AMAY;30555825;HèCTOR KENNETH RUBELSY HERNêNDEZ GONZêLEZ;;DIVERSIFICADO;OFICIAL;RURAL;ABIERTA;MONOLINGUE;VESPERTINA;DIARIO(REGULAR);QUICHè;;
14-19-5210-46;;14-031;QUICHE;CHICAMAN;INSTITUTO MUNICIPAL DE MAGISTERIO DE EDUCACION PRIMARIA (IMEPCH);;;ARACELY GENOVEVA CHITOP AGUARE;;DIVERSIFICADO;MUNICIPAL;RURAL;CERRADA DEFINITIVAMENTE;MONOLINGUE;VESPERTINA;DIARIO(REGULAR);QUICHè;;
14-19-5511-46;;14-19-0870;QUICHE;CHICAMAN;INSTITUTO NORMAL MIXTO DIVERSIFICADO POR COOPERATIVA;3A. CALLE 3-30, ZONA 2;77633770;BENJAMëN ARNOLDO MIGUEL CALVA LOARCA;YACLEN SEIRIN JUêREZ GAMARRO;DIVERSIFICADO;COOPERATIVA;URBANA;ABIERTA;MONOLINGUE;VESPERTINA;DIARIO(REGULAR);QUICHè;;
14-20-0124-46;;14-20-0878;QUICHE;IXCAN;INSTITUTO NORMAL MIXTO CIENCIA Y ARTE;ZONA 1 PLAYA GRANDE;44792976;TOMAS SANCHEZ GOMEZ;INGRIZ YANETT PèREZ MORENO;DIVERSIFICADO;PRIVADO;URBANA;ABIERTA;MONOLINGUE;VESPERTINA;DIARIO(REGULAR);QUICHè NORTE;;
14-20-0126-46;;14-054;QUICHE;IXCAN;INSTITUTO NORMAL MIXTO CIENCIA Y ARTE;ZONA 1 PLAYA GRANDE;58908465;AROLDO ROMEO DOMINGO TOMêS;TEODORO RAMëREZ VELASQUEZ;DIVERSIFICADO;PRIVADO;URBANA;CERRADA DEFINITIVAMENTE;MONOLINGUE;DOBLE;FIN DE SEMANA;QUICHè NORTE;;
14-20-0130-46;;14-033;QUICHE;IXCAN;CENTRO EDUCATIVO ASOCIACION DE MAESTRO DE EDUCACION RURAL DE GUATEMALA AMERG-IXCAN;ZONA 1, PLAYA GRANDE;58747049;NAPOLEON FERNANDO XUC COC;MAURICIO YAT LUC;DIVERSIFICADO;PRIVADO;URBANA;ABIERTA;BILINGUE;DOBLE;FIN DE SEMANA;QUICHè NORTE;;
14-20-0134-46;;14-20-0875;QUICHE;IXCAN;INSTITUTO MIXTO DIVERSIFICADO POR COOPERATIVA WATAN;ALDEA INGENIEROS;30701241;ROLANDO CAAL JUC;JUAN GABRIEL JUAN SILVESTRE;DIVERSIFICADO;COOPERATIVA;RURAL;ABIERTA;BILINGUE;VESPERTINA;DIARIO(REGULAR);QUICHè NORTE;;
14-20-0135-46;;14-20-0887;QUICHE;IXCAN;COLEGIO PRE UNIVERSITARIO INTERCULTURAL -COTPI-;ALDEA LOS êNGELES;48463453;JOSè FELIPE JA GUANCHè;MAUDILIO HIGINIO PASCUAL FRANCISCO;DIVERSIFICADO;PRIVADO;RURAL;ABIERTA;MONOLINGUE;MATUTINA;DIARIO(REGULAR);QUICHè NORTE;;
14-20-0140-46;;14-20-0886;QUICHE;IXCAN;INSTITUTO MIXTO DIVERSIFICADO POR COOPERATIVA DE ENSEîANZA;COMUNIDAD PRIMAVERA DEL IXCêN;45660972;EDVIN JACOBO CHUB COC;GREGORIO COC TOMA;DIVERSIFICADO;COOPERATIVA;RURAL;ABIERTA;MONOLINGUE;VESPERTINA;DIARIO(REGULAR);QUICHè NORTE;;
14-20-0141-46;;14-20-0885;QUICHE;IXCAN;COLEGIO MIXTO OXLAJU B AQTUN;ALDEA SAN JUAN CHACTELA;50525338;CESAR BOANERGES LEAL COL;ANDRES QUIP CHAMêN;DIVERSIFICADO;PRIVADO;RURAL;ABIERTA;BILINGUE;VESPERTINA;DIARIO(REGULAR);QUICHè NORTE;;
14-20-0142-46;;14-033;QUICHE;IXCAN;"INSTITUTO TèCNICO DIVERSIFICADO ASOCIATIVA ""AJ YICHKAN""";ZONA 1, PLAYA GRANDE;30340666;NAPOLEON FERNANDO XUC COC;JORGE CHITAY MAQUIN;DIVERSIFICADO;PRIVADO;URBANA;ABIERTA;MONOLINGUE;DOBLE;DIARIO(REGULAR);QUICHè NORTE;;
14-20-0143-46;;14-20-0877;QUICHE;IXCAN;LICEO TECNOLÆGICO DOCTOR JUAN JOSè ARèVALO BERMEJO;2A. AV. Y 3A. CALLE ZONA 1;45638550;ANANIAS ORTIZ CHAVEZ;NELSON ALFONSO CHOC SAM;DIVERSIFICADO;PRIVADO;URBANA;ABIERTA;MONOLINGUE;MATUTINA;DIARIO(REGULAR);QUICHè NORTE;;
14-20-0145-46;;14-034;QUICHE;IXCAN;COLEGIO DIVERSIFICADO MAYALAND;ALDEA MAYALêN;40909816;ANTONIO CALIXTO IXCOTAYAC LUX;CAMILO RAMIREZ MATIAS;DIVERSIFICADO;PRIVADO;RURAL;ABIERTA;MONOLINGUE;VESPERTINA;DIARIO(REGULAR);QUICHè NORTE;;
14-20-0147-46;;14-20-0881;QUICHE;IXCAN;ESCUELA NORMAL BILINGÉE INTERCULTURAL MAYABÇ TIJOBÇAL OXLAJUJ TZëÇ;PARCELAMIENTO XALBAL;48617091;ANTONIO CALIXTO IXCOTAYAC LUX;JOSè ANDRADE GABRIEL AGUILAR;DIVERSIFICADO;OFICIAL;RURAL;ABIERTA;BILINGUE;MATUTINA;DIARIO(REGULAR);QUICHè NORTE;;
14-20-0148-46;;14-032;QUICHE;IXCAN;COLEGIO MIXTO OXLAJUJ BÇAQTUN;ALDEA EL PRADO;57891607;LUCAS IQUI CAHUEC;ELSA HERLINDA ESQUIVEL VêSQUEZ;DIVERSIFICADO;PRIVADO;RURAL;ABIERTA;BILINGUE;VESPERTINA;DIARIO(REGULAR);QUICHè NORTE;;
14-20-0150-46;;14-051;QUICHE;IXCAN;COLEGIO AMERICANO MAYA QUICHE;LOTE 08 COLONIA BUENA VISTA ENTRADA A SAN FRANCISCO;77557616;TOMêS SêNCHEZ GÆMEZ;MAYLING PATRICIA PINEDA URIZAR;DIVERSIFICADO;PRIVADO;URBANA;ABIERTA;MONOLINGUE;DOBLE;FIN DE SEMANA;QUICHè NORTE;;
14-20-0152-46;;14-051;QUICHE;IXCAN;INSTITUTO NORMAL MIXTO CIENCIA Y ARTE;ZONA 1 PLAYA GRANDE;30881719;TOMêS SêNCHEZ GÆMEZ;LUCIANO CAAL YAT;DIVERSIFICADO;PRIVADO;URBANA;CERRADA DEFINITIVAMENTE;MONOLINGUE;DOBLE;FIN DE SEMANA;QUICHè NORTE;;
14-20-0153-46;;14-034;QUICHE;IXCAN;"COLEGIO EVANGèLICO MIXTO ""EL EDèN""";ALDEA VALLE DE CANDELARIA NO. 1;59078151;ANTONIO CALIXTO IXCOTAYAC LUX;GUSTAVO ADOLFO GÆMEZ TORRES;DIVERSIFICADO;PRIVADO;RURAL;ABIERTA;MONOLINGUE;VESPERTINA;DIARIO(REGULAR);QUICHè NORTE;;
14-20-0154-46;;14-033;QUICHE;IXCAN;"""LICEO TECNOLÆGICO DOCTOR JUAN JOSè ARèVALO BERMEJO""";2A. AVENIDA Y 3RA. CALLE, ZONA 1;46613387;NAPOLEON FERNANDO XUC COC;NELSON ALFONSO CHOC SAM;DIVERSIFICADO;PRIVADO;URBANA;CERRADA TEMPORALMENTE;MONOLINGUE;DOBLE;FIN DE SEMANA;QUICHè NORTE;;
14-20-0156-46;;14-054;QUICHE;IXCAN;INSTITUTO TèCNICO DIVERSIFICADO ASOCIATIVA AJ YICHKAN;ZONA 1 PLAYA GRANDE;30340666;AROLDO ROMEO DOMINGO TOMêS;MARCOS GÆMEZ PèREZ;DIVERSIFICADO;PRIVADO;URBANA;ABIERTA;MONOLINGUE;VESPERTINA;DIARIO(REGULAR);QUICHè NORTE;;
14-20-0157-46;;14-054;QUICHE;IXCAN;"COLEGIO MIXTO ""JOSè MARëA""";ALDEA LAS ROSAS;30938392;AROLDO ROMEO DOMINGO TOMêS;CARLOS HUMBERTO MALDONADO;DIVERSIFICADO;PRIVADO;RURAL;CERRADA DEFINITIVAMENTE;MONOLINGUE;DOBLE;FIN DE SEMANA;QUICHè NORTE;;
14-20-0158-46;;14-034;QUICHE;IXCAN;COLEGIO MIXTO OXLAJU B'AQTUN;ALDEA CUARTO PUEBLO;57891607;ANTONIO CALIXTO IXCOTAYAC LUX;HERMEGILDO MATëAS BAUTISTA;DIVERSIFICADO;PRIVADO;RURAL;ABIERTA;BILINGUE;VESPERTINA;DIARIO(REGULAR);QUICHè NORTE;;
14-20-0161-46;;14-20-0876;QUICHE;IXCAN;LICEO MIXTO DEL NORTE;ALDEA LAS ROSAS;46445259;CANDELARIA COC TOMA;CARLOS GILBERTO DIEGO MALDONADO;DIVERSIFICADO;PRIVADO;RURAL;ABIERTA;MONOLINGUE;VESPERTINA;DIARIO(REGULAR);QUICHè NORTE;;
14-20-0162-46;;14-20-0881;QUICHE;IXCAN;INSTITUTO DIVERSIFICADO MAYA PADRE GUILLERMO WOODS;PARCELAMIENTO PUEBLO NUEVO;30007257;ANTONIO CALIXTO IXCOTAYAC LUX;TEODORO RAMëREZ VELêSQUEZ;DIVERSIFICADO;PRIVADO;RURAL;ABIERTA;BILINGUE;MATUTINA;DIARIO(REGULAR);QUICHè NORTE;;
14-20-0165-46;;14-20-0878;QUICHE;IXCAN;LICEO MIXTO DEL NORTE;ZONA 1, PLAYA GRANDE IXCêN;30519788;TOMAS SANCHEZ GOMEZ;JERONIMO COC JUAREZ;DIVERSIFICADO;PRIVADO;URBANA;ABIERTA;MONOLINGUE;VESPERTINA;DIARIO(REGULAR);QUICHè NORTE;;
14-20-0166-46;;14-054;QUICHE;IXCAN;COLEGIO MIXTO PREUNIVERSITARIO BILINGÉE INTERCULTURAL;ZONA 1, PLAYA GRANDE;57891607;AROLDO ROMEO DOMINGO TOMêS;MAURICIO YAT LUC;DIVERSIFICADO;PRIVADO;URBANA;CERRADA DEFINITIVAMENTE;BILINGUE;DOBLE;SEMIPRESENCIAL;QUICHè NORTE;;
14-20-0167-46;;14-054;QUICHE;IXCAN;"COLEGIO MIXTO DIVERSIFICADO ""EL AFêN""";ALDEA EL AFêN, IXCêN, QUICHè;57287433;AROLDO ROMEO DOMINGO TOMêS;BERTA LUCRECIA TZUY IBARRA;DIVERSIFICADO;PRIVADO;RURAL;ABIERTA;MONOLINGUE;VESPERTINA;DIARIO(REGULAR);QUICHè NORTE;;
14-20-0172-46;;14-20-0880;QUICHE;IXCAN;"COLEGIO MIXTO MESOAMERICANO ""SANTIAGUENSE""";ALDEA SANTIAGO IXCAN;49917240;FREDY GONZALO TIUL CUCUL;FABIANA LAINEZ PèREZ;DIVERSIFICADO;PRIVADO;RURAL;ABIERTA;BILINGUE;DOBLE;FIN DE SEMANA;QUICHè NORTE;;
14-20-0174-46;;14-20-0878;QUICHE;IXCAN;LICEO MIXTO DEL NORTE FIN DE SEMANA;5TA. CALLE, ZONA 1, PLAYA GRANDE;30519788;TOMAS SANCHEZ GOMEZ;JERONIMO COC JUAREZ;DIVERSIFICADO;PRIVADO;URBANA;ABIERTA;MONOLINGUE;DOBLE;FIN DE SEMANA;QUICHè NORTE;;
14-20-0175-46;;14-054;QUICHE;IXCAN;LICEO MIXTO DEL NORTE FIN DE SEMANA;5TA. CALLE, ZONA 1, PLAYA GRANDE;30938392;AROLDO ROMEO DOMINGO TOMêS;JORGE ALBERTO QUIîONEZ SANTIZO;DIVERSIFICADO;PRIVADO;URBANA;CERRADA DEFINITIVAMENTE;MONOLINGUE;DOBLE;FIN DE SEMANA;QUICHè NORTE;;
14-20-0176-46;;14-032;QUICHE;IXCAN;PROGRAMA NACIONAL DE EDUCACIÆN ALTERNATIVA, PRONEA.;LOTE 16, COLONIA LA PAZ, ZONA 1, PLAYA GRANDE;30053859;LUCAS IQUI CAHUEC;BERNARDO ENRIQUES LAJUJ SICAL;DIVERSIFICADO;OFICIAL;URBANA;ABIERTA;MONOLINGUE;DOBLE;A DISTANCIA;QUICHè NORTE;;
14-20-0178-46;;14-20-0877;QUICHE;IXCAN;LICEO TECNOLOGICO DOCTOR JUAN JOSE AREVALO BERMEJO;ZONA 1 PLAYA GRANDE 2A. AV. Y 3A. CALLE ZONA 1;46613387;ANANIAS ORTIZ CHAVEZ;NELSON ALFONSO CHOC SAM;DIVERSIFICADO;PRIVADO;URBANA;ABIERTA;MONOLINGUE;SIN JORNADA;SEMIPRESENCIAL (FIN DE SEMANA);QUICHè NORTE;;
14-20-0180-46;;14-20-0878;QUICHE;IXCAN;INSTITUTO NORMAL MIXTO CIENCIA Y ARTE;ZONA 1 PLAYA GRANDE;44792976;TOMAS SANCHEZ GOMEZ;INGRIZ YANETT PèREZ MORENO;DIVERSIFICADO;PRIVADO;URBANA;ABIERTA;BILINGUE;SIN JORNADA;SEMIPRESENCIAL (FIN DE SEMANA);QUICHè NORTE;;
14-20-0181-46;;14-054;QUICHE;IXCAN;"COLEGIO MIXTO ""JOSè MARëA""";ALDEA LAS ROSAS;30938392;AROLDO ROMEO DOMINGO TOMêS;CARLOS GILBERTO DIEGO MALDONADO;DIVERSIFICADO;PRIVADO;RURAL;ABIERTA;MONOLINGUE;SIN JORNADA;SEMIPRESENCIAL (FIN DE SEMANA);QUICHè NORTE;;
14-20-0182-46;;14-20-0878;QUICHE;IXCAN;LICEO MIXTO DEL NORTE;ZONA 1 PLAYA GRANDE;30519788;TOMAS SANCHEZ GOMEZ;JERONIMO COC JUAREZ;DIVERSIFICADO;PRIVADO;URBANA;ABIERTA;MONOLINGUE;SIN JORNADA;SEMIPRESENCIAL (FIN DE SEMANA);QUICHè NORTE;;
14-20-0184-46;;14-20-0878;QUICHE;IXCAN;COLEGIO AMERICANO MAYA QUICHE;LOTE 08 COLONIA BUENA VISTA, ENTRADA A SAN FRANCISCO;77557616;TOMAS SANCHEZ GOMEZ;MAYLING PATRICIA PINEDA URIZAR;DIVERSIFICADO;PRIVADO;URBANA;ABIERTA;MONOLINGUE;SIN JORNADA;SEMIPRESENCIAL (FIN DE SEMANA);QUICHè NORTE;;
14-20-0186-46;;14-20-0878;QUICHE;IXCAN;COLEGIO MIXTO PREUNIVERSITARIO BILINGÉE INTERCULTURAL;ZONA 1 PLAYA GRANDE;57891607;TOMAS SANCHEZ GOMEZ;MAURICIO YAT LUC;DIVERSIFICADO;PRIVADO;URBANA;ABIERTA;BILINGUE;SIN JORNADA;SEMIPRESENCIAL (UN DëA A LA SEMANA);QUICHè NORTE;;
14-20-0226-46;;14-054;QUICHE;IXCAN;PROGRAMA MODALIDADES FLEXIBLES PARA LA EDUCACIÆN MEDIA;LOTE 16, COLONIA LA PAZ, ZONA 1, PLAYA GRANDE;51799061;AROLDO ROMEO DOMINGO TOMêS;OFELIA PAêU TZI;DIVERSIFICADO;OFICIAL;URBANA;ABIERTA;MONOLINGUE;DOBLE;SEMIPRESENCIAL;QUICHè NORTE;;
14-20-0228-46;;14-054;QUICHE;IXCAN;INED INSTITUTO NACIONAL DE EDUCACIÆN DIVERSIFICADA;ALDEA MAYALAN;;AROLDO ROMEO DOMINGO TOMêS;;DIVERSIFICADO;OFICIAL;RURAL;TEMPORAL NOMBRAMIENTO;BILINGUE;VESPERTINA;DIARIO(REGULAR);QUICHè NORTE;;
14-20-0231-46;;14-20-0885;QUICHE;IXCAN;INED INSTITUTO NACIONAL DE EDUCACIÆN DIVERSIFICADA;COMUNIDAD INDëGENA Q¢EQCHI¢ SAN JUAN CHACTELê;;CESAR BOANERGES LEAL COL;;DIVERSIFICADO;OFICIAL;RURAL;ABIERTA;BILINGUE;VESPERTINA;DIARIO(REGULAR);QUICHè NORTE;;
14-20-0232-46;;14-20-0880;QUICHE;IXCAN;INED INSTITUTO NACIONAL DE EDUCACIÆN DIVERSIFICADA;ALDEA SAN ANTONIO TZEJê;;FREDY GONZALO TIUL CUCUL;;DIVERSIFICADO;OFICIAL;RURAL;ABIERTA;BILINGUE;VESPERTINA;DIARIO(REGULAR);QUICHè NORTE;;
14-20-0234-46;;14-20-0879;QUICHE;IXCAN;INED INSTITUTO NACIONAL DE EDUCACIÆN DIVERSIFICADA;ALDEA SANTA MARëA DOLORES;45510949;AROLDO ROMEO DOMINGO TOMAS;;DIVERSIFICADO;OFICIAL;RURAL;ABIERTA;BILINGUE;VESPERTINA;DIARIO(REGULAR);QUICHè NORTE;;
14-20-0237-46;;14-20-0883;QUICHE;IXCAN;INED INSTITUTO NACIONAL DE EDUCACIÆN DIVERSIFICADA;ALDEA EL AFêN;;NAPOLEON FERNANDO XUC COC;;DIVERSIFICADO;OFICIAL;RURAL;ABIERTA;BILINGUE;VESPERTINA;DIARIO(REGULAR);QUICHè NORTE;;
14-20-0238-46;;14-20-0874;QUICHE;IXCAN;INED INSTITUTO NACIONAL DE EDUCACIÆN DIVERSIFICADA;ALDEA EL PRADO;51639472;LUCAS IQUI CAHUEC;;DIVERSIFICADO;OFICIAL;RURAL;ABIERTA;BILINGUE;VESPERTINA;DIARIO(REGULAR);QUICHè NORTE;;
14-20-0242-46;;14-20-0880;QUICHE;IXCAN;INED INSTITUTO NACIONAL DE EDUCACIÆN DIVERSIFICADA;ALDEA SANTIAGO IXCêN;45855098;FREDY GONZALO TIUL CUCUL;GERARDO MOISES PABLO PABLO;DIVERSIFICADO;OFICIAL;RURAL;ABIERTA;BILINGUE;VESPERTINA;DIARIO(REGULAR);QUICHè NORTE;;
14-20-0243-46;;14-20-0881;QUICHE;IXCAN;INED INSTITUTO NACIONAL DE EDUCACIÆN DIVERSIFICADA;ALDEA PUEBLO NUEVO;;ANTONIO CALIXTO IXCOTAYAC LUX;;DIVERSIFICADO;OFICIAL;RURAL;ABIERTA;BILINGUE;VESPERTINA;DIARIO(REGULAR);QUICHè NORTE;;
14-20-0244-46;;14-20-0881;QUICHE;IXCAN;INED INSTITUTO NACIONAL DE EDUCACIÆN DIVERSIFICADA;ALDEA VALLE DE CANDELARIA I;;ANTONIO CALIXTO IXCOTAYAC LUX;;DIVERSIFICADO;OFICIAL;RURAL;ABIERTA;MONOLINGUE;VESPERTINA;DIARIO(REGULAR);QUICHè NORTE;;
14-20-0245-46;;14-054;QUICHE;IXCAN;INED INSTITUTO NACIONAL DE EDUCACIÆN DIVERSIFICADA;ALDEA VALLE DE CANDELARIA I ALDEA;;AROLDO ROMEO DOMINGO TOMêS;;DIVERSIFICADO;OFICIAL;RURAL;TEMPORAL NOMBRAMIENTO;MONOLINGUE;VESPERTINA;DIARIO(REGULAR);QUICHè NORTE;;
14-20-0246-46;;14-20-0877;QUICHE;IXCAN;INED INSTITUTO NACIONAL DE EDUCACIÆN DIVERSIFICADA;ZONA 5 PLAYA GRANDE;38522668;ANANIAS ORTIZ CHAVEZ;CHRISTOPHER DANIEL GALICIA CASANGA;DIVERSIFICADO;OFICIAL;URBANA;ABIERTA;MONOLINGUE;VESPERTINA;DIARIO(REGULAR);QUICHè NORTE;;
14-20-0250-46;;;QUICHE;IXCAN;COLEGIO MIXTO MESOAMERICANO SANTIAGUENSE;ALDEA SANTIAGO IXCêN;49917240;;FABIANA LAINEZ PèREZ;DIVERSIFICADO;PRIVADO;RURAL;ABIERTA;MONOLINGUE;SIN JORNADA;SEMIPRESENCIAL (FIN DE SEMANA);QUICHè NORTE;;
14-20-5058-46;;14-036;QUICHE;IXCAN;COLEGIO AMERICANO MAYA QUICHE;PLAYA GRANDE IXCAN;52053380;JORGE HUMBERTO MOTTA CANO;---;DIVERSIFICADO;PRIVADO;URBANA;CERRADA TEMPORALMENTE;MONOLINGUE;MATUTINA;DIARIO(REGULAR);QUICHè NORTE;;
14-20-5525-46;;14-20-0878;QUICHE;IXCAN;COLEGIO AMERICANO MAYA QUICHE;ZONA 1 PLAYA GRANDE;77557616;TOMAS SANCHEZ GOMEZ;MAYLING PATRICIA PINEDA URIZAR;DIVERSIFICADO;PRIVADO;URBANA;ABIERTA;MONOLINGUE;VESPERTINA;DIARIO(REGULAR);QUICHè NORTE;;
14-20-5526-46;;14-054;QUICHE;IXCAN;COLEGIO AMERICANO MAYA QUICHE;ZONA 1 PLAYA GRANDE;77557616;AROLDO ROMEO DOMINGO TOMêS;MAYLING PATRICIA PINEDA URIZAR;DIVERSIFICADO;PRIVADO;URBANA;CERRADA DEFINITIVAMENTE;MONOLINGUE;DOBLE;FIN DE SEMANA;QUICHè NORTE;;
14-20-5530-46;;14-20-0881;QUICHE;IXCAN;INSTITUTO DIVERSIFICADO MAYA PADRE GUILLERMO WOODS;PARCELAMIENTO PUEBLO NUEVO;30007257;ANTONIO CALIXTO IXCOTAYAC LUX;TEODORO RAMëREZ VELêSQUEZ;DIVERSIFICADO;PRIVADO;RURAL;ABIERTA;BILINGUE;MATUTINA;DIARIO(REGULAR);QUICHè NORTE;;
14-20-5707-46;;14-20-0878;QUICHE;IXCAN;INSTITUTO NORMAL MIXTO CIENCIA Y ARTE;ZONA 1 PLAYA GRANDE;44792976;TOMAS SANCHEZ GOMEZ;INGRIZ YANETT PèREZ MORENO;DIVERSIFICADO;PRIVADO;URBANA;ABIERTA;BILINGUE;VESPERTINA;DIARIO(REGULAR);QUICHè NORTE;;
14-20-5709-46;;14-036;QUICHE;IXCAN;"INSTITUTO DE EDUCACION A DISTANCIA ""LA ESCUELA EN SU CASA""";3A. AVENIDA Y 3A. CALLE ZONA 1, EDIFICIO EL PEREGRINO;54606010;JORGE HUMBERTO MOTTA CANO;FRANCISCO SICAL SICAL;DIVERSIFICADO;PRIVADO;URBANA;ABIERTA;MONOLINGUE;DOBLE;FIN DE SEMANA;QUICHè NORTE;;
14-20-5717-46;;14-20-0881;QUICHE;IXCAN;ENBI ESCUELA NORMAL BILINGUE INTERCULTURAL MAYAB TIJOB AL OXLAJUJ TZ I;PARCELAMIENTO XALBAL;30053859;ANTONIO CALIXTO IXCOTAYAC LUX;JOSè ANDRADE GABRIEL AGUILAR;DIVERSIFICADO;OFICIAL;RURAL;ABIERTA;BILINGUE;DOBLE;DIARIO(REGULAR);QUICHè NORTE;;
14-20-5813-46;;14-20-0878;QUICHE;IXCAN;INSTITUTO TECNICO DIVERSIFICADO ASOCIATIVA AJ YICHKAN;ZONA 1 PLAYA GRANDE CENTRO DE CAPACITACIÆN MUNICIPAL, ZONA 1, PLAYA GRANDE, IXCAN.;30340666;TOMAS SANCHEZ GOMEZ;RANDY JOSè RAMOS GALEANO;DIVERSIFICADO;PRIVADO;URBANA;ABIERTA;BILINGUE;DOBLE;DIARIO(REGULAR);QUICHè NORTE;;
14-20-5814-46;;14-054;QUICHE;IXCAN;LICEO TECNOLOGICO DOCTOR JUAN JOSE AREVALO BERMEJO;2A. AVENIDA Y 3A. CALLE ZONA 1 2O. NIVEL EDIFICIO LA SELVA DE PLAYA GRANDE;46613387;AROLDO ROMEO DOMINGO TOMêS;NELSON ALFONSO CHOC SAM;DIVERSIFICADO;PRIVADO;URBANA;CERRADA DEFINITIVAMENTE;MONOLINGUE;DOBLE;FIN DE SEMANA;QUICHè NORTE;;
14-20-5872-46;;14-20-0878;QUICHE;IXCAN;LICEO AMERICANO MUNDO MAYA;ZONA 1 PLAYA GRANDE;77557616;TOMAS SANCHEZ GOMEZ;SINDY MARILÖ GIL PèREZ;DIVERSIFICADO;PRIVADO;URBANA;ABIERTA;MONOLINGUE;VESPERTINA;DIARIO(REGULAR);QUICHè NORTE;;
14-20-5873-46;;14-20-0878;QUICHE;IXCAN;LICEO AMERICANO MUNDO MAYA;ZONA 1 PLAYA GRANDE;77557616;TOMAS SANCHEZ GOMEZ;SINDY MARILÖ GIL PèREZ;DIVERSIFICADO;PRIVADO;URBANA;ABIERTA;MONOLINGUE;DOBLE;FIN DE SEMANA;QUICHè NORTE;;
14-20-5876-46;;14-054;QUICHE;IXCAN;INSTITUTO PRIVADO MIXTO DE DIVERSIFICADO KAIBIL BALAM;PARCELAMIENTO KAIBIL BALAM;30046660;AROLDO ROMEO DOMINGO TOMêS;IRINEO TOMêS LÆPEZ;DIVERSIFICADO;PRIVADO;RURAL;ABIERTA;MONOLINGUE;VESPERTINA;DIARIO(REGULAR);QUICHè NORTE;;
14-20-5881-46;;14-20-0878;QUICHE;IXCAN;INSTITUTO MIXTO DIVERSIFICADO POR COOPERATIVA DE ENSEîANZA;ZONA 1 PLAYA GRANDE;53681098;TOMAS SANCHEZ GOMEZ;HUGO ADALBERTO FERNANDEZ DELGADO;DIVERSIFICADO;COOPERATIVA;URBANA;ABIERTA;MONOLINGUE;MATUTINA;DIARIO(REGULAR);QUICHè NORTE;;
14-20-5966-46;;14-20-0878;QUICHE;IXCAN;INSTITUTO NORMAL MIXTO CIENCIA Y ARTE;ZONA 1 PLAYA GRANDE;44792976;TOMAS SANCHEZ GOMEZ;INGRIZ YANETT PèREZ MORENO;DIVERSIFICADO;PRIVADO;URBANA;ABIERTA;MONOLINGUE;DOBLE;FIN DE SEMANA;QUICHè NORTE;;
14-21-0006-46;;14-21-0888;QUICHE;PACHALUN;INSTITUTO MIXTO DIVERSIFICADO POR COOPERATIVA DE ENSEîANZA;CABECERA MUNICIPAL;50172360;VICENTE MANUEL TIPêZ ROJAS;IDALMA CLEOTILDE ESTRADA Y ESTRADA;DIVERSIFICADO;COOPERATIVA;RURAL;ABIERTA;MONOLINGUE;VESPERTINA;DIARIO(REGULAR);QUICHè;;
14-21-0018-46;;14-035;QUICHE;PACHALUN;LICEO DE CIENCIA Y TECNOLOGIA JOHN DALTON;CASA 36, CALLE LAS AZALEAS, ZONA 1;40481021;ERIK ISRAEL GIRON JUAREZ;BARTOLOMè MIGUEL JOJ PRIMERO;DIVERSIFICADO;PRIVADO;URBANA;CERRADA DEFINITIVAMENTE;MONOLINGUE;MATUTINA;DIARIO(REGULAR);QUICHè;;
14-21-0019-46;;14-035;QUICHE;PACHALUN;LICEO DE CIENCIA Y TECNOLOGIA JOHN DALTON;CASA 36, CALLE LAS AZALEAS, ZONA 1;30836404;ERIK ISRAEL GIRON JUAREZ;BARTOLOMè MIGUEL JOJ PRIMERO;DIVERSIFICADO;PRIVADO;URBANA;CERRADA DEFINITIVAMENTE;MONOLINGUE;VESPERTINA;DIARIO(REGULAR);QUICHè;;
14-21-0020-46;;14-035;QUICHE;PACHALUN;LICEO DE CIENCIA Y TECNOLOGIA JOHN DALTON;CASA 36, CALLE LAS AZALEAS, ZONA 1;30836404;ERIK ISRAEL GIRON JUAREZ;OSCAR CAMAJê CEBALLOS;DIVERSIFICADO;PRIVADO;URBANA;CERRADA DEFINITIVAMENTE;MONOLINGUE;DOBLE;DIARIO(REGULAR);QUICHè;;
14-21-0021-46;;14-035;QUICHE;PACHALUN;LICEO DE CIENCIA Y TECNOLOGIA JOHN DALTON;CASA 36, CALLE LAS AZALEAS, ZONA 1;30836404;ERIK ISRAEL GIRON JUAREZ;DANNY OMAR COZAR RUIZ;DIVERSIFICADO;PRIVADO;URBANA;CERRADA DEFINITIVAMENTE;MONOLINGUE;DOBLE;FIN DE SEMANA;QUICHè;;
14-21-0023-46;;14-21-0888;QUICHE;PACHALUN;"""LICEO INTERCULTURAL PACHALUMENSE""";VALLE LINDA VISTA, SALIDA A MORITAS;40895934;VICENTE MANUEL TIPêZ ROJAS;EZEQUIEL MONTUFAR ORREGO;DIVERSIFICADO;PRIVADO;URBANA;ABIERTA;MONOLINGUE;MATUTINA;DIARIO(REGULAR);QUICHè;;
14-21-0024-46;;14-21-0888;QUICHE;PACHALUN;LICEO INTERCULTURAL PACHALUMENSE;VALLE LINDA VISTA, SALIDA A MORITAS;57461136;VICENTE MANUEL TIPêZ ROJAS;MARVIN JHONY SOTO HERRERA;DIVERSIFICADO;PRIVADO;RURAL;ABIERTA;MONOLINGUE;DOBLE;FIN DE SEMANA;QUICHè;;
14-21-0025-46;;14-035;QUICHE;PACHALUN;"""LICEO INTERCULTURAL PACHALUMENSE""";VALLE LINDA VISTA, SALIDA A MORITAS;57461136;ERIK ISRAEL GIRON JUAREZ;MARVIN JHONY SOTO HERRERA;DIVERSIFICADO;PRIVADO;URBANA;CERRADA DEFINITIVAMENTE;MONOLINGUE;DOBLE;FIN DE SEMANA;QUICHè;;
14-21-0026-46;;14-21-0889;QUICHE;PACHALUN;INSTITUTO TECNÆLOGICO PACHALUM;ZONA 2;41450108;EUDA MARIELA ESTRADA MONTÖFAR;JOSUE ESTRADA Y ESTRADA;DIVERSIFICADO;PRIVADO;URBANA;ABIERTA;MONOLINGUE;MATUTINA;DIARIO(REGULAR);QUICHè;;
14-21-0030-46;;14-21-0889;QUICHE;PACHALUN;INSTITUTO MUNICIPAL DE EDUCACIÆN TECNOLÆGICA PACHALUM -IMET-;CASERëO EL AGUACATE ZONA 0;51321900;EUDA MARIELA ESTRADA MONTÖFAR;MARIA AYDEE GARCIA RIVERA;DIVERSIFICADO;PRIVADO;URBANA;ABIERTA;MONOLINGUE;DOBLE;DIARIO(REGULAR);QUICHè;;
14-21-0031-46;;14-21-0889;QUICHE;PACHALUN;INSTITUTO MUNICIPAL DE EDUCACIÆN TECNOLÆGICA PACHALUM -IMET-;CASERëO EL AGUACATE ZONA 0;41450108;EUDA MARIELA ESTRADA MONTÖFAR;JOSUè ESTRADA Y ESTRADA;DIVERSIFICADO;PRIVADO;URBANA;ABIERTA;MONOLINGUE;MATUTINA;DIARIO(REGULAR);QUICHè;;
14-21-0032-46;;14-21-0888;QUICHE;PACHALUN;"COLEGIO BILINGÉE DE COMPUTACIÆN PACHALUM DE LOS SANTOS ""CBC-PS""";"VENIDA LOS LIRIOS, ZONA 3, LUGAR DENOMINADO ""POTRERO VIEJO""";42591034;VICENTE MANUEL TIPêZ ROJAS;CRISTIAN FERNANDO VALDèZ SOTO;DIVERSIFICADO;PRIVADO;URBANA;ABIERTA;MONOLINGUE;VESPERTINA;DIARIO(REGULAR);QUICHè;;
14-21-0036-46;;14-21-0888;QUICHE;PACHALUN;LICEO INTERCULTURAL PACHALUMENSE;VALLE LINDA VISTA, SALIDA A MORITAS;57461136;VICENTE MANUEL TIPêZ ROJAS;MARVIN JHONY SOTO HERRERA;DIVERSIFICADO;PRIVADO;URBANA;ABIERTA;MONOLINGUE;SIN JORNADA;SEMIPRESENCIAL (FIN DE SEMANA);QUICHè;;
14-21-0038-46;;14-21-0889;QUICHE;PACHALUN;INED INSTITUTO NACIONAL DE EDUCACIÆN DIVERSIFICADA;AVENIDA LA VERBENA ZONA 5;30573247;EUDA MARIELA ESTRADA MONTÖFAR;;DIVERSIFICADO;OFICIAL;URBANA;ABIERTA;MONOLINGUE;VESPERTINA;DIARIO(REGULAR);QUICHè;;
14-21-4702-46;;14-036;QUICHE;PACHALUN;INSTITUTO MIXTO PRIVADO DE MAGISTERIO PRIMARIA BILINGUE;CABECERA MUNICIPAL;40895934;JORGE HUMBERTO MOTTA CANO;;DIVERSIFICADO;PRIVADO;RURAL;CERRADA DEFINITIVAMENTE;BILINGUE;VESPERTINA;DIARIO(REGULAR);QUICHè;;
14-21-5690-46;;14-21-0889;QUICHE;PACHALUN;INSTITUTO TECNOLOGICO DE PACHALUM;CASERIO EL AGUACATE;41450108;EUDA MARIELA ESTRADA MONTÖFAR;;DIVERSIFICADO;PRIVADO;RURAL;ABIERTA;MONOLINGUE;DOBLE;DIARIO(REGULAR);QUICHè;;
14-21-6000-46;;14-21-0888;QUICHE;PACHALUN;LICEO INTERCULTURAL PACHALUMENSE;AVENIDA LAS AMELIAS ZONA 4 CASA NO. C-01;57461136;VICENTE MANUEL TIPêZ ROJAS;MARVIN JHONY SOTO HERRERA;DIVERSIFICADO;PRIVADO;URBANA;ABIERTA;MONOLINGUE;DOBLE;FIN DE SEMANA;QUICHè;;
14-21-6029-46;;14-21-0888;QUICHE;PACHALUN;LICEO INTERCULTURAL PACHALUMENSE;CABECERA MUNICIPAL;57461136;VICENTE MANUEL TIPêZ ROJAS;MARVIN JHONY SOTO HERRERA;DIVERSIFICADO;PRIVADO;URBANA;ABIERTA;MONOLINGUE;VESPERTINA;DIARIO(REGULAR);QUICHè;;
;;;;;;;;;;;;;;;;;;;
;;;;;;;;;;;;;;;;;;;
322 Establecimientos encontrados ;;;;;;;;;;;;;;;;;;;
;;;;;;;;;;;;;;;;;;;
Ministerio de Educaciµn, Copyright ˋ 2,012 ;;;;;;;;;;;;;;;;;;;Aviso Legal | TÕrminos y Condiciones | Contacto
